,stimulus,repeat,fish,date,stimulus_direction,tail_beat
0,s01,1,1,20201125,forward,137
1,s01,1,1,20201126,forward,57
2,s01,1,1,20201210,forward,89
3,s01,1,1,20201211,forward,70
4,s01,1,1,20210226,backward,1
5,s01,1,1,20210304,backward,0
6,s01,1,1,20210305,rightward,68
7,s01,1,1,20210311,rightward,0
8,s01,1,1,20210325,rightward,0
9,s01,1,1,20210326,rightward,3
10,s01,1,1,20210330,upward,0
11,s01,1,1,20210331,upward,3
12,s01,1,1,20210413,downward,0
13,s01,1,1,20210414,downward,0
14,s01,1,1,20210422,upward,17
15,s01,1,1,20210423,upward,0
16,s01,1,1,20210427,backward,0
17,s01,1,1,20210428,backward,10
18,s01,1,1,20210503,rightward,15
19,s01,1,1,20210504,leftward,15
20,s01,1,2,20201120,forward,99
21,s01,1,2,20201126,forward,53
22,s01,1,2,20201211,forward,81
23,s01,1,2,20210226,backward,0
24,s01,1,2,20210304,backward,0
25,s01,1,2,20210311,rightward,0
26,s01,1,2,20210326,rightward,0
27,s01,1,2,20210330,upward,0
28,s01,1,2,20210331,upward,0
29,s01,1,2,20210413,downward,0
30,s01,1,2,20210414,downward,0
31,s01,1,2,20210422,upward,0
32,s01,1,2,20210423,upward,45
33,s01,1,2,20210427,backward,0
34,s01,1,2,20210428,backward,1
35,s01,1,2,20210503,rightward,16
36,s01,1,2,20210504,leftward,25
37,s01,2,1,20201125,forward,117
38,s01,2,1,20201126,forward,65
39,s01,2,1,20201210,forward,18
40,s01,2,1,20201211,forward,76
41,s01,2,1,20210226,backward,2
42,s01,2,1,20210304,backward,7
43,s01,2,1,20210305,rightward,42
44,s01,2,1,20210311,rightward,0
45,s01,2,1,20210325,rightward,1
46,s01,2,1,20210326,rightward,0
47,s01,2,1,20210330,upward,0
48,s01,2,1,20210331,upward,0
49,s01,2,1,20210413,downward,0
50,s01,2,1,20210414,downward,0
51,s01,2,1,20210422,upward,54
52,s01,2,1,20210423,upward,4
53,s01,2,1,20210427,backward,10
54,s01,2,1,20210428,backward,0
55,s01,2,1,20210503,rightward,53
56,s01,2,1,20210504,leftward,15
57,s01,2,2,20201120,forward,89
58,s01,2,2,20201125,forward,112
59,s01,2,2,20201126,forward,31
60,s01,2,2,20201211,forward,39
61,s01,2,2,20210226,backward,0
62,s01,2,2,20210304,backward,0
63,s01,2,2,20210311,rightward,24
64,s01,2,2,20210326,rightward,0
65,s01,2,2,20210330,upward,26
66,s01,2,2,20210331,upward,0
67,s01,2,2,20210413,downward,0
68,s01,2,2,20210414,downward,0
69,s01,2,2,20210422,upward,5
70,s01,2,2,20210423,upward,58
71,s01,2,2,20210427,backward,0
72,s01,2,2,20210428,backward,0
73,s01,2,2,20210503,rightward,30
74,s01,2,2,20210504,leftward,13
75,s01,3,1,20201125,forward,140
76,s01,3,1,20201126,forward,55
77,s01,3,1,20201210,forward,49
78,s01,3,1,20201211,forward,72
79,s01,3,1,20210226,backward,0
80,s01,3,1,20210304,backward,0
81,s01,3,1,20210305,rightward,53
82,s01,3,1,20210311,rightward,0
83,s01,3,1,20210325,rightward,19
84,s01,3,1,20210326,rightward,0
85,s01,3,1,20210330,upward,0
86,s01,3,1,20210331,upward,0
87,s01,3,1,20210413,downward,0
88,s01,3,1,20210414,downward,0
89,s01,3,1,20210422,upward,0
90,s01,3,1,20210423,upward,0
91,s01,3,1,20210427,backward,0
92,s01,3,1,20210428,backward,0
93,s01,3,1,20210503,rightward,48
94,s01,3,1,20210504,leftward,18
95,s01,3,2,20201120,forward,65
96,s01,3,2,20201125,forward,113
97,s01,3,2,20201126,forward,6
98,s01,3,2,20201211,forward,110
99,s01,3,2,20210226,backward,4
100,s01,3,2,20210304,backward,0
101,s01,3,2,20210311,rightward,7
102,s01,3,2,20210326,rightward,17
103,s01,3,2,20210330,upward,20
104,s01,3,2,20210331,upward,0
105,s01,3,2,20210413,downward,0
106,s01,3,2,20210414,downward,0
107,s01,3,2,20210422,upward,0
108,s01,3,2,20210423,upward,0
109,s01,3,2,20210427,backward,4
110,s01,3,2,20210428,backward,6
111,s01,3,2,20210503,rightward,21
112,s01,3,2,20210504,leftward,81
113,s02,1,1,20201125,forward,146
114,s02,1,1,20201126,forward,54
115,s02,1,1,20201210,forward,8
116,s02,1,1,20201211,forward,65
117,s02,1,1,20210226,backward,0
118,s02,1,1,20210304,backward,6
119,s02,1,1,20210305,rightward,16
120,s02,1,1,20210311,rightward,17
121,s02,1,1,20210325,rightward,0
122,s02,1,1,20210326,rightward,13
123,s02,1,1,20210330,upward,0
124,s02,1,1,20210331,upward,0
125,s02,1,1,20210413,downward,0
126,s02,1,1,20210414,downward,0
127,s02,1,1,20210422,upward,0
128,s02,1,1,20210423,upward,6
129,s02,1,1,20210427,backward,0
130,s02,1,1,20210428,backward,0
131,s02,1,1,20210503,rightward,0
132,s02,1,1,20210504,leftward,0
133,s02,1,2,20201120,forward,87
134,s02,1,2,20201126,forward,10
135,s02,1,2,20201211,forward,25
136,s02,1,2,20210226,backward,0
137,s02,1,2,20210304,backward,0
138,s02,1,2,20210311,rightward,6
139,s02,1,2,20210326,rightward,47
140,s02,1,2,20210330,upward,0
141,s02,1,2,20210331,upward,0
142,s02,1,2,20210413,downward,0
143,s02,1,2,20210414,downward,0
144,s02,1,2,20210422,upward,0
145,s02,1,2,20210423,upward,0
146,s02,1,2,20210427,backward,0
147,s02,1,2,20210428,backward,0
148,s02,1,2,20210503,rightward,0
149,s02,1,2,20210504,leftward,24
150,s02,2,1,20201125,forward,92
151,s02,2,1,20201126,forward,41
152,s02,2,1,20201210,forward,46
153,s02,2,1,20201211,forward,46
154,s02,2,1,20210226,backward,9
155,s02,2,1,20210304,backward,11
156,s02,2,1,20210305,rightward,17
157,s02,2,1,20210311,rightward,0
158,s02,2,1,20210325,rightward,8
159,s02,2,1,20210326,rightward,31
160,s02,2,1,20210330,upward,0
161,s02,2,1,20210331,upward,6
162,s02,2,1,20210413,downward,0
163,s02,2,1,20210414,downward,0
164,s02,2,1,20210422,upward,0
165,s02,2,1,20210423,upward,0
166,s02,2,1,20210427,backward,0
167,s02,2,1,20210428,backward,0
168,s02,2,1,20210503,rightward,0
169,s02,2,1,20210504,leftward,0
170,s02,2,2,20201120,forward,102
171,s02,2,2,20201125,forward,142
172,s02,2,2,20201126,forward,14
173,s02,2,2,20201211,forward,61
174,s02,2,2,20210226,backward,0
175,s02,2,2,20210304,backward,0
176,s02,2,2,20210311,rightward,15
177,s02,2,2,20210326,rightward,16
178,s02,2,2,20210330,upward,0
179,s02,2,2,20210331,upward,0
180,s02,2,2,20210413,downward,0
181,s02,2,2,20210414,downward,0
182,s02,2,2,20210422,upward,0
183,s02,2,2,20210423,upward,0
184,s02,2,2,20210427,backward,0
185,s02,2,2,20210428,backward,0
186,s02,2,2,20210503,rightward,5
187,s02,2,2,20210504,leftward,20
188,s02,3,1,20201125,forward,131
189,s02,3,1,20201126,forward,68
190,s02,3,1,20201210,forward,88
191,s02,3,1,20201211,forward,46
192,s02,3,1,20210226,backward,9
193,s02,3,1,20210304,backward,0
194,s02,3,1,20210305,rightward,18
195,s02,3,1,20210311,rightward,0
196,s02,3,1,20210325,rightward,10
197,s02,3,1,20210326,rightward,25
198,s02,3,1,20210330,upward,0
199,s02,3,1,20210331,upward,0
200,s02,3,1,20210413,downward,0
201,s02,3,1,20210414,downward,0
202,s02,3,1,20210422,upward,0
203,s02,3,1,20210423,upward,0
204,s02,3,1,20210427,backward,0
205,s02,3,1,20210428,backward,0
206,s02,3,1,20210503,rightward,0
207,s02,3,1,20210504,leftward,0
208,s02,3,2,20201120,forward,55
209,s02,3,2,20201125,forward,115
210,s02,3,2,20201126,forward,59
211,s02,3,2,20201211,forward,59
212,s02,3,2,20210226,backward,0
213,s02,3,2,20210304,backward,0
214,s02,3,2,20210311,rightward,44
215,s02,3,2,20210326,rightward,8
216,s02,3,2,20210330,upward,0
217,s02,3,2,20210331,upward,0
218,s02,3,2,20210413,downward,0
219,s02,3,2,20210414,downward,0
220,s02,3,2,20210422,upward,0
221,s02,3,2,20210423,upward,0
222,s02,3,2,20210427,backward,0
223,s02,3,2,20210428,backward,0
224,s02,3,2,20210503,rightward,0
225,s02,3,2,20210504,leftward,0
226,s03,1,1,20201125,forward,107
227,s03,1,1,20201126,forward,22
228,s03,1,1,20201210,forward,0
229,s03,1,1,20201211,forward,76
230,s03,1,1,20210226,backward,0
231,s03,1,1,20210304,backward,0
232,s03,1,1,20210305,rightward,21
233,s03,1,1,20210311,rightward,10
234,s03,1,1,20210325,rightward,35
235,s03,1,1,20210326,rightward,10
236,s03,1,1,20210330,upward,0
237,s03,1,1,20210331,upward,4
238,s03,1,1,20210413,downward,0
239,s03,1,1,20210414,downward,0
240,s03,1,1,20210422,upward,21
241,s03,1,1,20210423,upward,6
242,s03,1,1,20210427,backward,0
243,s03,1,1,20210428,backward,0
244,s03,1,1,20210503,rightward,0
245,s03,1,1,20210504,leftward,9
246,s03,1,2,20201120,forward,62
247,s03,1,2,20201126,forward,23
248,s03,1,2,20201211,forward,0
249,s03,1,2,20210226,backward,0
250,s03,1,2,20210304,backward,0
251,s03,1,2,20210311,rightward,12
252,s03,1,2,20210326,rightward,39
253,s03,1,2,20210330,upward,0
254,s03,1,2,20210331,upward,0
255,s03,1,2,20210413,downward,0
256,s03,1,2,20210414,downward,0
257,s03,1,2,20210422,upward,63
258,s03,1,2,20210423,upward,0
259,s03,1,2,20210427,backward,0
260,s03,1,2,20210428,backward,0
261,s03,1,2,20210503,rightward,19
262,s03,1,2,20210504,leftward,27
263,s03,2,1,20201125,forward,67
264,s03,2,1,20201126,forward,39
265,s03,2,1,20201210,forward,46
266,s03,2,1,20201211,forward,51
267,s03,2,1,20210226,backward,0
268,s03,2,1,20210304,backward,0
269,s03,2,1,20210305,rightward,22
270,s03,2,1,20210311,rightward,37
271,s03,2,1,20210325,rightward,66
272,s03,2,1,20210326,rightward,62
273,s03,2,1,20210330,upward,0
274,s03,2,1,20210331,upward,0
275,s03,2,1,20210413,downward,0
276,s03,2,1,20210414,downward,0
277,s03,2,1,20210422,upward,0
278,s03,2,1,20210423,upward,0
279,s03,2,1,20210427,backward,0
280,s03,2,1,20210428,backward,0
281,s03,2,1,20210503,rightward,18
282,s03,2,1,20210504,leftward,11
283,s03,2,2,20201120,forward,17
284,s03,2,2,20201125,forward,140
285,s03,2,2,20201126,forward,17
286,s03,2,2,20201211,forward,66
287,s03,2,2,20210226,backward,0
288,s03,2,2,20210304,backward,0
289,s03,2,2,20210311,rightward,0
290,s03,2,2,20210326,rightward,102
291,s03,2,2,20210330,upward,25
292,s03,2,2,20210331,upward,0
293,s03,2,2,20210413,downward,0
294,s03,2,2,20210414,downward,0
295,s03,2,2,20210422,upward,15
296,s03,2,2,20210423,upward,0
297,s03,2,2,20210427,backward,0
298,s03,2,2,20210428,backward,0
299,s03,2,2,20210503,rightward,12
300,s03,2,2,20210504,leftward,18
301,s03,3,1,20201125,forward,56
302,s03,3,1,20201126,forward,71
303,s03,3,1,20201210,forward,32
304,s03,3,1,20201211,forward,98
305,s03,3,1,20210226,backward,0
306,s03,3,1,20210304,backward,0
307,s03,3,1,20210305,rightward,5
308,s03,3,1,20210311,rightward,7
309,s03,3,1,20210325,rightward,165
310,s03,3,1,20210326,rightward,75
311,s03,3,1,20210330,upward,0
312,s03,3,1,20210331,upward,0
313,s03,3,1,20210413,downward,0
314,s03,3,1,20210414,downward,0
315,s03,3,1,20210422,upward,0
316,s03,3,1,20210423,upward,0
317,s03,3,1,20210427,backward,0
318,s03,3,1,20210428,backward,0
319,s03,3,1,20210503,rightward,34
320,s03,3,1,20210504,leftward,19
321,s03,3,2,20201120,forward,53
322,s03,3,2,20201125,forward,84
323,s03,3,2,20201126,forward,0
324,s03,3,2,20201211,forward,26
325,s03,3,2,20210226,backward,0
326,s03,3,2,20210304,backward,0
327,s03,3,2,20210311,rightward,0
328,s03,3,2,20210326,rightward,58
329,s03,3,2,20210330,upward,0
330,s03,3,2,20210331,upward,0
331,s03,3,2,20210413,downward,0
332,s03,3,2,20210414,downward,0
333,s03,3,2,20210422,upward,0
334,s03,3,2,20210423,upward,0
335,s03,3,2,20210427,backward,0
336,s03,3,2,20210428,backward,0
337,s03,3,2,20210503,rightward,16
338,s03,3,2,20210504,leftward,69
339,s04,1,1,20201125,forward,0
340,s04,1,1,20201126,forward,0
341,s04,1,1,20201210,forward,17
342,s04,1,1,20201211,forward,65
343,s04,1,1,20210226,backward,0
344,s04,1,1,20210304,backward,0
345,s04,1,1,20210305,rightward,22
346,s04,1,1,20210311,rightward,2
347,s04,1,1,20210325,rightward,0
348,s04,1,1,20210326,rightward,35
349,s04,1,1,20210330,upward,0
350,s04,1,1,20210331,upward,0
351,s04,1,1,20210413,downward,0
352,s04,1,1,20210414,downward,0
353,s04,1,1,20210422,upward,0
354,s04,1,1,20210423,upward,0
355,s04,1,1,20210427,backward,0
356,s04,1,1,20210428,backward,0
357,s04,1,1,20210503,rightward,23
358,s04,1,1,20210504,leftward,33
359,s04,1,2,20201120,forward,0
360,s04,1,2,20201126,forward,0
361,s04,1,2,20201211,forward,0
362,s04,1,2,20210226,backward,0
363,s04,1,2,20210304,backward,0
364,s04,1,2,20210311,rightward,1
365,s04,1,2,20210326,rightward,15
366,s04,1,2,20210330,upward,0
367,s04,1,2,20210331,upward,0
368,s04,1,2,20210413,downward,0
369,s04,1,2,20210414,downward,0
370,s04,1,2,20210422,upward,0
371,s04,1,2,20210423,upward,29
372,s04,1,2,20210427,backward,0
373,s04,1,2,20210428,backward,0
374,s04,1,2,20210503,rightward,13
375,s04,1,2,20210504,leftward,17
376,s04,2,1,20201125,forward,0
377,s04,2,1,20201126,forward,0
378,s04,2,1,20201210,forward,0
379,s04,2,1,20201211,forward,0
380,s04,2,1,20210226,backward,2
381,s04,2,1,20210304,backward,0
382,s04,2,1,20210305,rightward,68
383,s04,2,1,20210311,rightward,17
384,s04,2,1,20210325,rightward,0
385,s04,2,1,20210326,rightward,38
386,s04,2,1,20210330,upward,0
387,s04,2,1,20210331,upward,0
388,s04,2,1,20210413,downward,0
389,s04,2,1,20210414,downward,0
390,s04,2,1,20210422,upward,1
391,s04,2,1,20210423,upward,7
392,s04,2,1,20210427,backward,0
393,s04,2,1,20210428,backward,0
394,s04,2,1,20210503,rightward,15
395,s04,2,1,20210504,leftward,39
396,s04,2,2,20201120,forward,0
397,s04,2,2,20201125,forward,26
398,s04,2,2,20201126,forward,1
399,s04,2,2,20201211,forward,0
400,s04,2,2,20210226,backward,0
401,s04,2,2,20210304,backward,0
402,s04,2,2,20210311,rightward,0
403,s04,2,2,20210326,rightward,11
404,s04,2,2,20210330,upward,0
405,s04,2,2,20210331,upward,0
406,s04,2,2,20210413,downward,0
407,s04,2,2,20210414,downward,0
408,s04,2,2,20210422,upward,0
409,s04,2,2,20210423,upward,69
410,s04,2,2,20210427,backward,16
411,s04,2,2,20210428,backward,0
412,s04,2,2,20210503,rightward,18
413,s04,2,2,20210504,leftward,12
414,s04,3,1,20201125,forward,0
415,s04,3,1,20201126,forward,21
416,s04,3,1,20201210,forward,0
417,s04,3,1,20201211,forward,0
418,s04,3,1,20210226,backward,7
419,s04,3,1,20210304,backward,0
420,s04,3,1,20210305,rightward,47
421,s04,3,1,20210311,rightward,0
422,s04,3,1,20210325,rightward,33
423,s04,3,1,20210326,rightward,38
424,s04,3,1,20210330,upward,0
425,s04,3,1,20210331,upward,0
426,s04,3,1,20210413,downward,0
427,s04,3,1,20210414,downward,0
428,s04,3,1,20210422,upward,0
429,s04,3,1,20210423,upward,0
430,s04,3,1,20210427,backward,0
431,s04,3,1,20210428,backward,0
432,s04,3,1,20210503,rightward,64
433,s04,3,1,20210504,leftward,14
434,s04,3,2,20201120,forward,0
435,s04,3,2,20201125,forward,17
436,s04,3,2,20201126,forward,0
437,s04,3,2,20201211,forward,0
438,s04,3,2,20210226,backward,0
439,s04,3,2,20210304,backward,0
440,s04,3,2,20210311,rightward,0
441,s04,3,2,20210326,rightward,0
442,s04,3,2,20210330,upward,5
443,s04,3,2,20210331,upward,0
444,s04,3,2,20210413,downward,0
445,s04,3,2,20210414,downward,5
446,s04,3,2,20210422,upward,0
447,s04,3,2,20210423,upward,0
448,s04,3,2,20210427,backward,0
449,s04,3,2,20210428,backward,0
450,s04,3,2,20210503,rightward,5
451,s04,3,2,20210504,leftward,19
452,s05,1,1,20201125,forward,0
453,s05,1,1,20201126,forward,8
454,s05,1,1,20201210,forward,48
455,s05,1,1,20201211,forward,92
456,s05,1,1,20210226,backward,0
457,s05,1,1,20210304,backward,0
458,s05,1,1,20210305,rightward,0
459,s05,1,1,20210311,rightward,0
460,s05,1,1,20210325,rightward,12
461,s05,1,1,20210326,rightward,32
462,s05,1,1,20210330,upward,0
463,s05,1,1,20210331,upward,0
464,s05,1,1,20210413,downward,0
465,s05,1,1,20210414,downward,0
466,s05,1,1,20210422,upward,0
467,s05,1,1,20210423,upward,0
468,s05,1,1,20210427,backward,0
469,s05,1,1,20210428,backward,0
470,s05,1,1,20210503,rightward,0
471,s05,1,1,20210504,leftward,0
472,s05,1,2,20201120,forward,16
473,s05,1,2,20201126,forward,40
474,s05,1,2,20201211,forward,4
475,s05,1,2,20210226,backward,6
476,s05,1,2,20210304,backward,0
477,s05,1,2,20210311,rightward,0
478,s05,1,2,20210326,rightward,47
479,s05,1,2,20210330,upward,0
480,s05,1,2,20210331,upward,0
481,s05,1,2,20210413,downward,0
482,s05,1,2,20210414,downward,0
483,s05,1,2,20210422,upward,0
484,s05,1,2,20210423,upward,0
485,s05,1,2,20210427,backward,0
486,s05,1,2,20210428,backward,0
487,s05,1,2,20210503,rightward,31
488,s05,1,2,20210504,leftward,8
489,s05,2,1,20201125,forward,0
490,s05,2,1,20201126,forward,19
491,s05,2,1,20201210,forward,17
492,s05,2,1,20201211,forward,56
493,s05,2,1,20210226,backward,7
494,s05,2,1,20210304,backward,0
495,s05,2,1,20210305,rightward,4
496,s05,2,1,20210311,rightward,17
497,s05,2,1,20210325,rightward,21
498,s05,2,1,20210326,rightward,32
499,s05,2,1,20210330,upward,0
500,s05,2,1,20210331,upward,0
501,s05,2,1,20210413,downward,0
502,s05,2,1,20210414,downward,0
503,s05,2,1,20210422,upward,0
504,s05,2,1,20210423,upward,0
505,s05,2,1,20210427,backward,0
506,s05,2,1,20210428,backward,0
507,s05,2,1,20210503,rightward,0
508,s05,2,1,20210504,leftward,4
509,s05,2,2,20201120,forward,0
510,s05,2,2,20201125,forward,96
511,s05,2,2,20201126,forward,8
512,s05,2,2,20201211,forward,4
513,s05,2,2,20210226,backward,0
514,s05,2,2,20210304,backward,6
515,s05,2,2,20210311,rightward,0
516,s05,2,2,20210326,rightward,31
517,s05,2,2,20210330,upward,0
518,s05,2,2,20210331,upward,0
519,s05,2,2,20210413,downward,0
520,s05,2,2,20210414,downward,0
521,s05,2,2,20210422,upward,0
522,s05,2,2,20210423,upward,0
523,s05,2,2,20210427,backward,0
524,s05,2,2,20210428,backward,0
525,s05,2,2,20210503,rightward,6
526,s05,2,2,20210504,leftward,1
527,s05,3,1,20201125,forward,53
528,s05,3,1,20201126,forward,35
529,s05,3,1,20201210,forward,23
530,s05,3,1,20201211,forward,22
531,s05,3,1,20210226,backward,0
532,s05,3,1,20210304,backward,0
533,s05,3,1,20210305,rightward,4
534,s05,3,1,20210311,rightward,0
535,s05,3,1,20210325,rightward,36
536,s05,3,1,20210326,rightward,15
537,s05,3,1,20210330,upward,0
538,s05,3,1,20210331,upward,0
539,s05,3,1,20210413,downward,0
540,s05,3,1,20210414,downward,0
541,s05,3,1,20210422,upward,0
542,s05,3,1,20210423,upward,0
543,s05,3,1,20210427,backward,0
544,s05,3,1,20210428,backward,0
545,s05,3,1,20210503,rightward,0
546,s05,3,1,20210504,leftward,23
547,s05,3,2,20201120,forward,33
548,s05,3,2,20201125,forward,92
549,s05,3,2,20201126,forward,0
550,s05,3,2,20201211,forward,0
551,s05,3,2,20210226,backward,0
552,s05,3,2,20210304,backward,0
553,s05,3,2,20210311,rightward,0
554,s05,3,2,20210326,rightward,11
555,s05,3,2,20210330,upward,0
556,s05,3,2,20210331,upward,0
557,s05,3,2,20210413,downward,0
558,s05,3,2,20210414,downward,0
559,s05,3,2,20210422,upward,0
560,s05,3,2,20210423,upward,0
561,s05,3,2,20210427,backward,0
562,s05,3,2,20210428,backward,0
563,s05,3,2,20210503,rightward,18
564,s05,3,2,20210504,leftward,1
565,s06,1,1,20201125,forward,139
566,s06,1,1,20201126,forward,45
567,s06,1,1,20201210,forward,63
568,s06,1,1,20201211,forward,48
569,s06,1,1,20210226,backward,0
570,s06,1,1,20210304,backward,0
571,s06,1,1,20210305,rightward,19
572,s06,1,1,20210311,rightward,0
573,s06,1,1,20210325,rightward,0
574,s06,1,1,20210326,rightward,0
575,s06,1,1,20210330,upward,0
576,s06,1,1,20210331,upward,0
577,s06,1,1,20210413,downward,0
578,s06,1,1,20210414,downward,0
579,s06,1,1,20210422,upward,0
580,s06,1,1,20210423,upward,0
581,s06,1,1,20210427,backward,0
582,s06,1,1,20210428,backward,0
583,s06,1,1,20210503,rightward,0
584,s06,1,1,20210504,leftward,1
585,s06,1,2,20201120,forward,62
586,s06,1,2,20201126,forward,59
587,s06,1,2,20201211,forward,44
588,s06,1,2,20210226,backward,0
589,s06,1,2,20210304,backward,0
590,s06,1,2,20210311,rightward,0
591,s06,1,2,20210326,rightward,0
592,s06,1,2,20210330,upward,0
593,s06,1,2,20210331,upward,0
594,s06,1,2,20210413,downward,0
595,s06,1,2,20210414,downward,0
596,s06,1,2,20210422,upward,0
597,s06,1,2,20210423,upward,0
598,s06,1,2,20210427,backward,0
599,s06,1,2,20210428,backward,0
600,s06,1,2,20210503,rightward,23
601,s06,1,2,20210504,leftward,0
602,s06,2,1,20201125,forward,111
603,s06,2,1,20201126,forward,41
604,s06,2,1,20201210,forward,51
605,s06,2,1,20201211,forward,71
606,s06,2,1,20210226,backward,0
607,s06,2,1,20210304,backward,0
608,s06,2,1,20210305,rightward,2
609,s06,2,1,20210311,rightward,0
610,s06,2,1,20210325,rightward,6
611,s06,2,1,20210326,rightward,0
612,s06,2,1,20210330,upward,0
613,s06,2,1,20210331,upward,0
614,s06,2,1,20210413,downward,0
615,s06,2,1,20210414,downward,0
616,s06,2,1,20210422,upward,0
617,s06,2,1,20210423,upward,0
618,s06,2,1,20210427,backward,0
619,s06,2,1,20210428,backward,0
620,s06,2,1,20210503,rightward,0
621,s06,2,1,20210504,leftward,8
622,s06,2,2,20201120,forward,68
623,s06,2,2,20201125,forward,112
624,s06,2,2,20201126,forward,14
625,s06,2,2,20201211,forward,67
626,s06,2,2,20210226,backward,0
627,s06,2,2,20210304,backward,21
628,s06,2,2,20210311,rightward,37
629,s06,2,2,20210326,rightward,0
630,s06,2,2,20210330,upward,0
631,s06,2,2,20210331,upward,0
632,s06,2,2,20210413,downward,0
633,s06,2,2,20210414,downward,0
634,s06,2,2,20210422,upward,18
635,s06,2,2,20210423,upward,0
636,s06,2,2,20210427,backward,0
637,s06,2,2,20210428,backward,0
638,s06,2,2,20210503,rightward,0
639,s06,2,2,20210504,leftward,0
640,s06,3,1,20201125,forward,92
641,s06,3,1,20201126,forward,52
642,s06,3,1,20201210,forward,30
643,s06,3,1,20201211,forward,59
644,s06,3,1,20210226,backward,0
645,s06,3,1,20210304,backward,0
646,s06,3,1,20210305,rightward,13
647,s06,3,1,20210311,rightward,0
648,s06,3,1,20210325,rightward,14
649,s06,3,1,20210326,rightward,0
650,s06,3,1,20210330,upward,0
651,s06,3,1,20210331,upward,0
652,s06,3,1,20210413,downward,0
653,s06,3,1,20210414,downward,0
654,s06,3,1,20210422,upward,0
655,s06,3,1,20210423,upward,0
656,s06,3,1,20210427,backward,0
657,s06,3,1,20210428,backward,0
658,s06,3,1,20210503,rightward,20
659,s06,3,1,20210504,leftward,8
660,s06,3,2,20201120,forward,62
661,s06,3,2,20201125,forward,70
662,s06,3,2,20201126,forward,15
663,s06,3,2,20201211,forward,20
664,s06,3,2,20210226,backward,0
665,s06,3,2,20210304,backward,0
666,s06,3,2,20210311,rightward,0
667,s06,3,2,20210326,rightward,0
668,s06,3,2,20210330,upward,0
669,s06,3,2,20210331,upward,0
670,s06,3,2,20210413,downward,0
671,s06,3,2,20210414,downward,0
672,s06,3,2,20210422,upward,0
673,s06,3,2,20210423,upward,2
674,s06,3,2,20210427,backward,0
675,s06,3,2,20210428,backward,0
676,s06,3,2,20210503,rightward,19
677,s06,3,2,20210504,leftward,62
678,s07,1,1,20201125,forward,0
679,s07,1,1,20201126,forward,0
680,s07,1,1,20201210,forward,0
681,s07,1,1,20201211,forward,0
682,s07,1,1,20210226,backward,0
683,s07,1,1,20210304,backward,0
684,s07,1,1,20210305,rightward,0
685,s07,1,1,20210311,rightward,17
686,s07,1,1,20210325,rightward,39
687,s07,1,1,20210326,rightward,2
688,s07,1,1,20210330,upward,0
689,s07,1,1,20210331,upward,0
690,s07,1,1,20210413,downward,0
691,s07,1,1,20210414,downward,0
692,s07,1,1,20210422,upward,0
693,s07,1,1,20210423,upward,0
694,s07,1,1,20210427,backward,0
695,s07,1,1,20210428,backward,0
696,s07,1,1,20210503,rightward,0
697,s07,1,1,20210504,leftward,0
698,s07,1,2,20201120,forward,0
699,s07,1,2,20201126,forward,3
700,s07,1,2,20201211,forward,0
701,s07,1,2,20210226,backward,0
702,s07,1,2,20210304,backward,0
703,s07,1,2,20210311,rightward,15
704,s07,1,2,20210326,rightward,20
705,s07,1,2,20210330,upward,0
706,s07,1,2,20210331,upward,0
707,s07,1,2,20210413,downward,0
708,s07,1,2,20210414,downward,0
709,s07,1,2,20210422,upward,0
710,s07,1,2,20210423,upward,34
711,s07,1,2,20210427,backward,0
712,s07,1,2,20210428,backward,0
713,s07,1,2,20210503,rightward,0
714,s07,1,2,20210504,leftward,6
715,s07,2,1,20201125,forward,0
716,s07,2,1,20201126,forward,0
717,s07,2,1,20201210,forward,0
718,s07,2,1,20201211,forward,0
719,s07,2,1,20210226,backward,0
720,s07,2,1,20210304,backward,0
721,s07,2,1,20210305,rightward,14
722,s07,2,1,20210311,rightward,1
723,s07,2,1,20210325,rightward,11
724,s07,2,1,20210326,rightward,15
725,s07,2,1,20210330,upward,0
726,s07,2,1,20210331,upward,19
727,s07,2,1,20210413,downward,0
728,s07,2,1,20210414,downward,0
729,s07,2,1,20210422,upward,0
730,s07,2,1,20210423,upward,4
731,s07,2,1,20210427,backward,0
732,s07,2,1,20210428,backward,0
733,s07,2,1,20210503,rightward,0
734,s07,2,1,20210504,leftward,0
735,s07,2,2,20201120,forward,0
736,s07,2,2,20201125,forward,0
737,s07,2,2,20201126,forward,2
738,s07,2,2,20201211,forward,0
739,s07,2,2,20210226,backward,0
740,s07,2,2,20210304,backward,0
741,s07,2,2,20210311,rightward,14
742,s07,2,2,20210326,rightward,20
743,s07,2,2,20210330,upward,0
744,s07,2,2,20210331,upward,0
745,s07,2,2,20210413,downward,0
746,s07,2,2,20210414,downward,0
747,s07,2,2,20210422,upward,0
748,s07,2,2,20210423,upward,50
749,s07,2,2,20210427,backward,0
750,s07,2,2,20210428,backward,0
751,s07,2,2,20210503,rightward,0
752,s07,2,2,20210504,leftward,5
753,s07,3,1,20201125,forward,0
754,s07,3,1,20201126,forward,0
755,s07,3,1,20201210,forward,0
756,s07,3,1,20201211,forward,0
757,s07,3,1,20210226,backward,0
758,s07,3,1,20210304,backward,0
759,s07,3,1,20210305,rightward,0
760,s07,3,1,20210311,rightward,0
761,s07,3,1,20210325,rightward,73
762,s07,3,1,20210326,rightward,47
763,s07,3,1,20210330,upward,0
764,s07,3,1,20210331,upward,0
765,s07,3,1,20210413,downward,0
766,s07,3,1,20210414,downward,0
767,s07,3,1,20210422,upward,0
768,s07,3,1,20210423,upward,0
769,s07,3,1,20210427,backward,0
770,s07,3,1,20210428,backward,0
771,s07,3,1,20210503,rightward,0
772,s07,3,1,20210504,leftward,0
773,s07,3,2,20201120,forward,0
774,s07,3,2,20201125,forward,0
775,s07,3,2,20201126,forward,13
776,s07,3,2,20201211,forward,0
777,s07,3,2,20210226,backward,0
778,s07,3,2,20210304,backward,20
779,s07,3,2,20210311,rightward,41
780,s07,3,2,20210326,rightward,27
781,s07,3,2,20210330,upward,7
782,s07,3,2,20210331,upward,0
783,s07,3,2,20210413,downward,0
784,s07,3,2,20210414,downward,0
785,s07,3,2,20210422,upward,0
786,s07,3,2,20210423,upward,0
787,s07,3,2,20210427,backward,0
788,s07,3,2,20210428,backward,0
789,s07,3,2,20210503,rightward,0
790,s07,3,2,20210504,leftward,4
791,s08,1,1,20201125,forward,53
792,s08,1,1,20201126,forward,18
793,s08,1,1,20201210,forward,25
794,s08,1,1,20201211,forward,71
795,s08,1,1,20210226,backward,0
796,s08,1,1,20210304,backward,0
797,s08,1,1,20210305,rightward,25
798,s08,1,1,20210311,rightward,11
799,s08,1,1,20210325,rightward,18
800,s08,1,1,20210326,rightward,0
801,s08,1,1,20210330,upward,0
802,s08,1,1,20210331,upward,12
803,s08,1,1,20210413,downward,0
804,s08,1,1,20210414,downward,0
805,s08,1,1,20210422,upward,0
806,s08,1,1,20210423,upward,0
807,s08,1,1,20210427,backward,6
808,s08,1,1,20210428,backward,1
809,s08,1,1,20210503,rightward,16
810,s08,1,1,20210504,leftward,27
811,s08,1,2,20201120,forward,22
812,s08,1,2,20201126,forward,30
813,s08,1,2,20201211,forward,4
814,s08,1,2,20210226,backward,0
815,s08,1,2,20210304,backward,0
816,s08,1,2,20210311,rightward,7
817,s08,1,2,20210326,rightward,21
818,s08,1,2,20210330,upward,0
819,s08,1,2,20210331,upward,0
820,s08,1,2,20210413,downward,0
821,s08,1,2,20210414,downward,0
822,s08,1,2,20210422,upward,1
823,s08,1,2,20210423,upward,0
824,s08,1,2,20210427,backward,0
825,s08,1,2,20210428,backward,0
826,s08,1,2,20210503,rightward,15
827,s08,1,2,20210504,leftward,10
828,s08,2,1,20201125,forward,50
829,s08,2,1,20201126,forward,56
830,s08,2,1,20201210,forward,27
831,s08,2,1,20201211,forward,73
832,s08,2,1,20210226,backward,0
833,s08,2,1,20210304,backward,0
834,s08,2,1,20210305,rightward,37
835,s08,2,1,20210311,rightward,17
836,s08,2,1,20210325,rightward,0
837,s08,2,1,20210326,rightward,53
838,s08,2,1,20210330,upward,0
839,s08,2,1,20210331,upward,0
840,s08,2,1,20210413,downward,0
841,s08,2,1,20210414,downward,0
842,s08,2,1,20210422,upward,0
843,s08,2,1,20210423,upward,0
844,s08,2,1,20210427,backward,0
845,s08,2,1,20210428,backward,0
846,s08,2,1,20210503,rightward,28
847,s08,2,1,20210504,leftward,5
848,s08,2,2,20201120,forward,16
849,s08,2,2,20201125,forward,239
850,s08,2,2,20201126,forward,0
851,s08,2,2,20201211,forward,23
852,s08,2,2,20210226,backward,0
853,s08,2,2,20210304,backward,0
854,s08,2,2,20210311,rightward,10
855,s08,2,2,20210326,rightward,25
856,s08,2,2,20210330,upward,0
857,s08,2,2,20210331,upward,0
858,s08,2,2,20210413,downward,0
859,s08,2,2,20210414,downward,0
860,s08,2,2,20210422,upward,8
861,s08,2,2,20210423,upward,0
862,s08,2,2,20210427,backward,0
863,s08,2,2,20210428,backward,0
864,s08,2,2,20210503,rightward,11
865,s08,2,2,20210504,leftward,25
866,s08,3,1,20201125,forward,116
867,s08,3,1,20201126,forward,51
868,s08,3,1,20201210,forward,17
869,s08,3,1,20201211,forward,52
870,s08,3,1,20210226,backward,0
871,s08,3,1,20210304,backward,6
872,s08,3,1,20210305,rightward,44
873,s08,3,1,20210311,rightward,0
874,s08,3,1,20210325,rightward,16
875,s08,3,1,20210326,rightward,38
876,s08,3,1,20210330,upward,0
877,s08,3,1,20210331,upward,2
878,s08,3,1,20210413,downward,0
879,s08,3,1,20210414,downward,0
880,s08,3,1,20210422,upward,0
881,s08,3,1,20210423,upward,0
882,s08,3,1,20210427,backward,0
883,s08,3,1,20210428,backward,0
884,s08,3,1,20210503,rightward,55
885,s08,3,1,20210504,leftward,27
886,s08,3,2,20201120,forward,46
887,s08,3,2,20201125,forward,48
888,s08,3,2,20201126,forward,8
889,s08,3,2,20201211,forward,8
890,s08,3,2,20210226,backward,0
891,s08,3,2,20210304,backward,7
892,s08,3,2,20210311,rightward,24
893,s08,3,2,20210326,rightward,36
894,s08,3,2,20210330,upward,0
895,s08,3,2,20210331,upward,0
896,s08,3,2,20210413,downward,0
897,s08,3,2,20210414,downward,13
898,s08,3,2,20210422,upward,0
899,s08,3,2,20210423,upward,0
900,s08,3,2,20210427,backward,7
901,s08,3,2,20210428,backward,0
902,s08,3,2,20210503,rightward,10
903,s08,3,2,20210504,leftward,12
904,s09,1,1,20201125,forward,86
905,s09,1,1,20201126,forward,55
906,s09,1,1,20201210,forward,57
907,s09,1,1,20201211,forward,146
908,s09,1,1,20210226,backward,2
909,s09,1,1,20210304,backward,0
910,s09,1,1,20210305,rightward,7
911,s09,1,1,20210311,rightward,0
912,s09,1,1,20210325,rightward,0
913,s09,1,1,20210326,rightward,36
914,s09,1,1,20210330,upward,0
915,s09,1,1,20210331,upward,0
916,s09,1,1,20210413,downward,0
917,s09,1,1,20210414,downward,0
918,s09,1,1,20210422,upward,0
919,s09,1,1,20210423,upward,33
920,s09,1,1,20210427,backward,0
921,s09,1,1,20210428,backward,0
922,s09,1,1,20210503,rightward,0
923,s09,1,1,20210504,leftward,11
924,s09,1,2,20201120,forward,70
925,s09,1,2,20201126,forward,56
926,s09,1,2,20201211,forward,29
927,s09,1,2,20210226,backward,0
928,s09,1,2,20210304,backward,0
929,s09,1,2,20210311,rightward,0
930,s09,1,2,20210326,rightward,0
931,s09,1,2,20210330,upward,0
932,s09,1,2,20210331,upward,0
933,s09,1,2,20210413,downward,0
934,s09,1,2,20210414,downward,0
935,s09,1,2,20210422,upward,1
936,s09,1,2,20210423,upward,0
937,s09,1,2,20210427,backward,0
938,s09,1,2,20210428,backward,0
939,s09,1,2,20210503,rightward,39
940,s09,1,2,20210504,leftward,3
941,s09,2,1,20201125,forward,94
942,s09,2,1,20201126,forward,45
943,s09,2,1,20201210,forward,59
944,s09,2,1,20201211,forward,126
945,s09,2,1,20210226,backward,0
946,s09,2,1,20210304,backward,0
947,s09,2,1,20210305,rightward,41
948,s09,2,1,20210311,rightward,0
949,s09,2,1,20210325,rightward,0
950,s09,2,1,20210326,rightward,39
951,s09,2,1,20210330,upward,0
952,s09,2,1,20210331,upward,0
953,s09,2,1,20210413,downward,0
954,s09,2,1,20210414,downward,0
955,s09,2,1,20210422,upward,0
956,s09,2,1,20210423,upward,0
957,s09,2,1,20210427,backward,0
958,s09,2,1,20210428,backward,0
959,s09,2,1,20210503,rightward,30
960,s09,2,1,20210504,leftward,9
961,s09,2,2,20201120,forward,83
962,s09,2,2,20201125,forward,243
963,s09,2,2,20201126,forward,57
964,s09,2,2,20201211,forward,79
965,s09,2,2,20210226,backward,0
966,s09,2,2,20210304,backward,0
967,s09,2,2,20210311,rightward,0
968,s09,2,2,20210326,rightward,9
969,s09,2,2,20210330,upward,0
970,s09,2,2,20210331,upward,0
971,s09,2,2,20210413,downward,0
972,s09,2,2,20210414,downward,0
973,s09,2,2,20210422,upward,0
974,s09,2,2,20210423,upward,0
975,s09,2,2,20210427,backward,0
976,s09,2,2,20210428,backward,0
977,s09,2,2,20210503,rightward,28
978,s09,2,2,20210504,leftward,33
979,s09,3,1,20201125,forward,138
980,s09,3,1,20201126,forward,40
981,s09,3,1,20201210,forward,26
982,s09,3,1,20201211,forward,29
983,s09,3,1,20210226,backward,0
984,s09,3,1,20210304,backward,0
985,s09,3,1,20210305,rightward,29
986,s09,3,1,20210311,rightward,0
987,s09,3,1,20210325,rightward,5
988,s09,3,1,20210326,rightward,35
989,s09,3,1,20210330,upward,0
990,s09,3,1,20210331,upward,0
991,s09,3,1,20210413,downward,0
992,s09,3,1,20210414,downward,0
993,s09,3,1,20210422,upward,0
994,s09,3,1,20210423,upward,0
995,s09,3,1,20210427,backward,0
996,s09,3,1,20210428,backward,0
997,s09,3,1,20210503,rightward,30
998,s09,3,1,20210504,leftward,0
999,s09,3,2,20201120,forward,47
1000,s09,3,2,20201125,forward,90
1001,s09,3,2,20201126,forward,31
1002,s09,3,2,20201211,forward,45
1003,s09,3,2,20210226,backward,0
1004,s09,3,2,20210304,backward,0
1005,s09,3,2,20210311,rightward,0
1006,s09,3,2,20210326,rightward,18
1007,s09,3,2,20210330,upward,0
1008,s09,3,2,20210331,upward,0
1009,s09,3,2,20210413,downward,0
1010,s09,3,2,20210414,downward,0
1011,s09,3,2,20210422,upward,0
1012,s09,3,2,20210423,upward,0
1013,s09,3,2,20210427,backward,0
1014,s09,3,2,20210428,backward,0
1015,s09,3,2,20210503,rightward,25
1016,s09,3,2,20210504,leftward,24
1017,s10,1,1,20201125,forward,105
1018,s10,1,1,20201126,forward,43
1019,s10,1,1,20201210,forward,63
1020,s10,1,1,20201211,forward,97
1021,s10,1,1,20210226,backward,0
1022,s10,1,1,20210304,backward,4
1023,s10,1,1,20210305,rightward,0
1024,s10,1,1,20210311,rightward,0
1025,s10,1,1,20210325,rightward,0
1026,s10,1,1,20210326,rightward,0
1027,s10,1,1,20210330,upward,0
1028,s10,1,1,20210331,upward,2
1029,s10,1,1,20210413,downward,0
1030,s10,1,1,20210414,downward,0
1031,s10,1,1,20210422,upward,0
1032,s10,1,1,20210423,upward,11
1033,s10,1,1,20210427,backward,0
1034,s10,1,1,20210428,backward,0
1035,s10,1,1,20210503,rightward,13
1036,s10,1,1,20210504,leftward,0
1037,s10,1,2,20201120,forward,63
1038,s10,1,2,20201126,forward,67
1039,s10,1,2,20201211,forward,0
1040,s10,1,2,20210226,backward,0
1041,s10,1,2,20210304,backward,12
1042,s10,1,2,20210311,rightward,0
1043,s10,1,2,20210326,rightward,0
1044,s10,1,2,20210330,upward,0
1045,s10,1,2,20210331,upward,0
1046,s10,1,2,20210413,downward,0
1047,s10,1,2,20210414,downward,0
1048,s10,1,2,20210422,upward,4
1049,s10,1,2,20210423,upward,0
1050,s10,1,2,20210427,backward,3
1051,s10,1,2,20210428,backward,0
1052,s10,1,2,20210503,rightward,25
1053,s10,1,2,20210504,leftward,19
1054,s10,2,1,20201125,forward,7
1055,s10,2,1,20201126,forward,34
1056,s10,2,1,20201210,forward,57
1057,s10,2,1,20201211,forward,47
1058,s10,2,1,20210226,backward,2
1059,s10,2,1,20210304,backward,0
1060,s10,2,1,20210305,rightward,1
1061,s10,2,1,20210311,rightward,0
1062,s10,2,1,20210325,rightward,0
1063,s10,2,1,20210326,rightward,0
1064,s10,2,1,20210330,upward,0
1065,s10,2,1,20210331,upward,0
1066,s10,2,1,20210413,downward,0
1067,s10,2,1,20210414,downward,4
1068,s10,2,1,20210422,upward,3
1069,s10,2,1,20210423,upward,0
1070,s10,2,1,20210427,backward,0
1071,s10,2,1,20210428,backward,0
1072,s10,2,1,20210503,rightward,20
1073,s10,2,1,20210504,leftward,8
1074,s10,2,2,20201120,forward,11
1075,s10,2,2,20201125,forward,158
1076,s10,2,2,20201126,forward,8
1077,s10,2,2,20201211,forward,30
1078,s10,2,2,20210226,backward,0
1079,s10,2,2,20210304,backward,12
1080,s10,2,2,20210311,rightward,0
1081,s10,2,2,20210326,rightward,0
1082,s10,2,2,20210330,upward,0
1083,s10,2,2,20210331,upward,0
1084,s10,2,2,20210413,downward,0
1085,s10,2,2,20210414,downward,0
1086,s10,2,2,20210422,upward,0
1087,s10,2,2,20210423,upward,0
1088,s10,2,2,20210427,backward,0
1089,s10,2,2,20210428,backward,0
1090,s10,2,2,20210503,rightward,27
1091,s10,2,2,20210504,leftward,0
1092,s10,3,1,20201125,forward,73
1093,s10,3,1,20201126,forward,37
1094,s10,3,1,20201210,forward,30
1095,s10,3,1,20201211,forward,73
1096,s10,3,1,20210226,backward,7
1097,s10,3,1,20210304,backward,8
1098,s10,3,1,20210305,rightward,7
1099,s10,3,1,20210311,rightward,0
1100,s10,3,1,20210325,rightward,0
1101,s10,3,1,20210326,rightward,0
1102,s10,3,1,20210330,upward,0
1103,s10,3,1,20210331,upward,0
1104,s10,3,1,20210413,downward,0
1105,s10,3,1,20210414,downward,0
1106,s10,3,1,20210422,upward,0
1107,s10,3,1,20210423,upward,0
1108,s10,3,1,20210427,backward,0
1109,s10,3,1,20210428,backward,0
1110,s10,3,1,20210503,rightward,0
1111,s10,3,1,20210504,leftward,0
1112,s10,3,2,20201120,forward,53
1113,s10,3,2,20201125,forward,142
1114,s10,3,2,20201126,forward,3
1115,s10,3,2,20201211,forward,10
1116,s10,3,2,20210226,backward,0
1117,s10,3,2,20210304,backward,0
1118,s10,3,2,20210311,rightward,0
1119,s10,3,2,20210326,rightward,0
1120,s10,3,2,20210330,upward,0
1121,s10,3,2,20210331,upward,0
1122,s10,3,2,20210413,downward,0
1123,s10,3,2,20210414,downward,0
1124,s10,3,2,20210422,upward,0
1125,s10,3,2,20210423,upward,0
1126,s10,3,2,20210427,backward,0
1127,s10,3,2,20210428,backward,0
1128,s10,3,2,20210503,rightward,23
1129,s10,3,2,20210504,leftward,0
1130,s11,1,1,20201125,forward,143
1131,s11,1,1,20201126,forward,28
1132,s11,1,1,20201210,forward,37
1133,s11,1,1,20201211,forward,65
1134,s11,1,1,20210226,backward,0
1135,s11,1,1,20210304,backward,0
1136,s11,1,1,20210305,rightward,0
1137,s11,1,1,20210311,rightward,14
1138,s11,1,1,20210325,rightward,0
1139,s11,1,1,20210326,rightward,0
1140,s11,1,1,20210330,upward,0
1141,s11,1,1,20210331,upward,0
1142,s11,1,1,20210413,downward,0
1143,s11,1,1,20210414,downward,0
1144,s11,1,1,20210422,upward,58
1145,s11,1,1,20210423,upward,33
1146,s11,1,1,20210427,backward,10
1147,s11,1,1,20210428,backward,0
1148,s11,1,1,20210503,rightward,0
1149,s11,1,1,20210504,leftward,0
1150,s11,1,2,20201120,forward,63
1151,s11,1,2,20201126,forward,55
1152,s11,1,2,20201211,forward,38
1153,s11,1,2,20210226,backward,0
1154,s11,1,2,20210304,backward,0
1155,s11,1,2,20210311,rightward,0
1156,s11,1,2,20210326,rightward,10
1157,s11,1,2,20210330,upward,1
1158,s11,1,2,20210331,upward,0
1159,s11,1,2,20210413,downward,0
1160,s11,1,2,20210414,downward,0
1161,s11,1,2,20210422,upward,35
1162,s11,1,2,20210423,upward,38
1163,s11,1,2,20210427,backward,0
1164,s11,1,2,20210428,backward,0
1165,s11,1,2,20210503,rightward,0
1166,s11,1,2,20210504,leftward,0
1167,s11,2,1,20201125,forward,138
1168,s11,2,1,20201126,forward,45
1169,s11,2,1,20201210,forward,52
1170,s11,2,1,20201211,forward,77
1171,s11,2,1,20210226,backward,0
1172,s11,2,1,20210304,backward,0
1173,s11,2,1,20210305,rightward,0
1174,s11,2,1,20210311,rightward,0
1175,s11,2,1,20210325,rightward,7
1176,s11,2,1,20210326,rightward,0
1177,s11,2,1,20210330,upward,0
1178,s11,2,1,20210331,upward,0
1179,s11,2,1,20210413,downward,0
1180,s11,2,1,20210414,downward,0
1181,s11,2,1,20210422,upward,0
1182,s11,2,1,20210423,upward,0
1183,s11,2,1,20210427,backward,0
1184,s11,2,1,20210428,backward,0
1185,s11,2,1,20210503,rightward,0
1186,s11,2,1,20210504,leftward,0
1187,s11,2,2,20201120,forward,104
1188,s11,2,2,20201125,forward,141
1189,s11,2,2,20201126,forward,0
1190,s11,2,2,20201211,forward,19
1191,s11,2,2,20210226,backward,0
1192,s11,2,2,20210304,backward,0
1193,s11,2,2,20210311,rightward,27
1194,s11,2,2,20210326,rightward,8
1195,s11,2,2,20210330,upward,16
1196,s11,2,2,20210331,upward,0
1197,s11,2,2,20210413,downward,0
1198,s11,2,2,20210414,downward,0
1199,s11,2,2,20210422,upward,0
1200,s11,2,2,20210423,upward,80
1201,s11,2,2,20210427,backward,0
1202,s11,2,2,20210428,backward,0
1203,s11,2,2,20210503,rightward,0
1204,s11,2,2,20210504,leftward,9
1205,s11,3,1,20201125,forward,147
1206,s11,3,1,20201126,forward,26
1207,s11,3,1,20201210,forward,36
1208,s11,3,1,20201211,forward,36
1209,s11,3,1,20210226,backward,0
1210,s11,3,1,20210304,backward,5
1211,s11,3,1,20210305,rightward,0
1212,s11,3,1,20210311,rightward,0
1213,s11,3,1,20210325,rightward,12
1214,s11,3,1,20210326,rightward,23
1215,s11,3,1,20210330,upward,0
1216,s11,3,1,20210331,upward,0
1217,s11,3,1,20210413,downward,0
1218,s11,3,1,20210414,downward,0
1219,s11,3,1,20210422,upward,0
1220,s11,3,1,20210423,upward,0
1221,s11,3,1,20210427,backward,0
1222,s11,3,1,20210428,backward,0
1223,s11,3,1,20210503,rightward,0
1224,s11,3,1,20210504,leftward,0
1225,s11,3,2,20201120,forward,49
1226,s11,3,2,20201125,forward,81
1227,s11,3,2,20201126,forward,25
1228,s11,3,2,20201211,forward,65
1229,s11,3,2,20210226,backward,0
1230,s11,3,2,20210304,backward,8
1231,s11,3,2,20210311,rightward,37
1232,s11,3,2,20210326,rightward,0
1233,s11,3,2,20210330,upward,7
1234,s11,3,2,20210331,upward,0
1235,s11,3,2,20210413,downward,0
1236,s11,3,2,20210414,downward,0
1237,s11,3,2,20210422,upward,0
1238,s11,3,2,20210423,upward,0
1239,s11,3,2,20210427,backward,0
1240,s11,3,2,20210428,backward,0
1241,s11,3,2,20210503,rightward,0
1242,s11,3,2,20210504,leftward,62
1243,s12,1,1,20201125,forward,124
1244,s12,1,1,20201126,forward,51
1245,s12,1,1,20201210,forward,58
1246,s12,1,1,20201211,forward,147
1247,s12,1,1,20210226,backward,0
1248,s12,1,1,20210304,backward,1
1249,s12,1,1,20210305,rightward,7
1250,s12,1,1,20210311,rightward,0
1251,s12,1,1,20210325,rightward,0
1252,s12,1,1,20210326,rightward,0
1253,s12,1,1,20210330,upward,0
1254,s12,1,1,20210331,upward,0
1255,s12,1,1,20210413,downward,0
1256,s12,1,1,20210414,downward,0
1257,s12,1,1,20210422,upward,0
1258,s12,1,1,20210423,upward,0
1259,s12,1,1,20210427,backward,0
1260,s12,1,1,20210428,backward,0
1261,s12,1,1,20210503,rightward,3
1262,s12,1,1,20210504,leftward,0
1263,s12,1,2,20201120,forward,73
1264,s12,1,2,20201126,forward,46
1265,s12,1,2,20201211,forward,50
1266,s12,1,2,20210226,backward,0
1267,s12,1,2,20210304,backward,0
1268,s12,1,2,20210311,rightward,18
1269,s12,1,2,20210326,rightward,0
1270,s12,1,2,20210330,upward,0
1271,s12,1,2,20210331,upward,0
1272,s12,1,2,20210413,downward,0
1273,s12,1,2,20210414,downward,0
1274,s12,1,2,20210422,upward,7
1275,s12,1,2,20210423,upward,0
1276,s12,1,2,20210427,backward,0
1277,s12,1,2,20210428,backward,0
1278,s12,1,2,20210503,rightward,1
1279,s12,1,2,20210504,leftward,0
1280,s12,2,1,20201125,forward,102
1281,s12,2,1,20201126,forward,62
1282,s12,2,1,20201210,forward,12
1283,s12,2,1,20201211,forward,96
1284,s12,2,1,20210226,backward,0
1285,s12,2,1,20210304,backward,4
1286,s12,2,1,20210305,rightward,16
1287,s12,2,1,20210311,rightward,0
1288,s12,2,1,20210325,rightward,0
1289,s12,2,1,20210326,rightward,4
1290,s12,2,1,20210330,upward,0
1291,s12,2,1,20210331,upward,0
1292,s12,2,1,20210413,downward,0
1293,s12,2,1,20210414,downward,0
1294,s12,2,1,20210422,upward,0
1295,s12,2,1,20210423,upward,0
1296,s12,2,1,20210427,backward,0
1297,s12,2,1,20210428,backward,0
1298,s12,2,1,20210503,rightward,20
1299,s12,2,1,20210504,leftward,0
1300,s12,2,2,20201120,forward,54
1301,s12,2,2,20201125,forward,193
1302,s12,2,2,20201126,forward,18
1303,s12,2,2,20201211,forward,26
1304,s12,2,2,20210226,backward,0
1305,s12,2,2,20210304,backward,0
1306,s12,2,2,20210311,rightward,0
1307,s12,2,2,20210326,rightward,7
1308,s12,2,2,20210330,upward,0
1309,s12,2,2,20210331,upward,0
1310,s12,2,2,20210413,downward,0
1311,s12,2,2,20210414,downward,0
1312,s12,2,2,20210422,upward,0
1313,s12,2,2,20210423,upward,0
1314,s12,2,2,20210427,backward,4
1315,s12,2,2,20210428,backward,0
1316,s12,2,2,20210503,rightward,7
1317,s12,2,2,20210504,leftward,0
1318,s12,3,1,20201125,forward,173
1319,s12,3,1,20201126,forward,51
1320,s12,3,1,20201210,forward,42
1321,s12,3,1,20201211,forward,67
1322,s12,3,1,20210226,backward,14
1323,s12,3,1,20210304,backward,9
1324,s12,3,1,20210305,rightward,35
1325,s12,3,1,20210311,rightward,0
1326,s12,3,1,20210325,rightward,16
1327,s12,3,1,20210326,rightward,27
1328,s12,3,1,20210330,upward,0
1329,s12,3,1,20210331,upward,0
1330,s12,3,1,20210413,downward,0
1331,s12,3,1,20210414,downward,0
1332,s12,3,1,20210422,upward,0
1333,s12,3,1,20210423,upward,0
1334,s12,3,1,20210427,backward,0
1335,s12,3,1,20210428,backward,0
1336,s12,3,1,20210503,rightward,54
1337,s12,3,1,20210504,leftward,3
1338,s12,3,2,20201120,forward,87
1339,s12,3,2,20201125,forward,78
1340,s12,3,2,20201126,forward,12
1341,s12,3,2,20201211,forward,39
1342,s12,3,2,20210226,backward,0
1343,s12,3,2,20210304,backward,0
1344,s12,3,2,20210311,rightward,24
1345,s12,3,2,20210326,rightward,6
1346,s12,3,2,20210330,upward,0
1347,s12,3,2,20210331,upward,0
1348,s12,3,2,20210413,downward,0
1349,s12,3,2,20210414,downward,0
1350,s12,3,2,20210422,upward,4
1351,s12,3,2,20210423,upward,22
1352,s12,3,2,20210427,backward,0
1353,s12,3,2,20210428,backward,0
1354,s12,3,2,20210503,rightward,9
1355,s12,3,2,20210504,leftward,0
1356,s13,1,1,20201125,forward,130
1357,s13,1,1,20201126,forward,22
1358,s13,1,1,20201210,forward,61
1359,s13,1,1,20201211,forward,65
1360,s13,1,1,20210226,backward,0
1361,s13,1,1,20210304,backward,0
1362,s13,1,1,20210305,rightward,10
1363,s13,1,1,20210311,rightward,0
1364,s13,1,1,20210325,rightward,0
1365,s13,1,1,20210326,rightward,0
1366,s13,1,1,20210330,upward,0
1367,s13,1,1,20210331,upward,0
1368,s13,1,1,20210413,downward,0
1369,s13,1,1,20210414,downward,3
1370,s13,1,1,20210422,upward,0
1371,s13,1,1,20210423,upward,0
1372,s13,1,1,20210427,backward,0
1373,s13,1,1,20210428,backward,0
1374,s13,1,1,20210503,rightward,0
1375,s13,1,1,20210504,leftward,9
1376,s13,1,2,20201120,forward,86
1377,s13,1,2,20201126,forward,52
1378,s13,1,2,20201211,forward,42
1379,s13,1,2,20210226,backward,0
1380,s13,1,2,20210304,backward,0
1381,s13,1,2,20210311,rightward,0
1382,s13,1,2,20210326,rightward,0
1383,s13,1,2,20210330,upward,0
1384,s13,1,2,20210331,upward,0
1385,s13,1,2,20210413,downward,0
1386,s13,1,2,20210414,downward,0
1387,s13,1,2,20210422,upward,0
1388,s13,1,2,20210423,upward,0
1389,s13,1,2,20210427,backward,0
1390,s13,1,2,20210428,backward,0
1391,s13,1,2,20210503,rightward,7
1392,s13,1,2,20210504,leftward,0
1393,s13,2,1,20201125,forward,130
1394,s13,2,1,20201126,forward,22
1395,s13,2,1,20201210,forward,56
1396,s13,2,1,20201211,forward,62
1397,s13,2,1,20210226,backward,0
1398,s13,2,1,20210304,backward,0
1399,s13,2,1,20210305,rightward,21
1400,s13,2,1,20210311,rightward,0
1401,s13,2,1,20210325,rightward,0
1402,s13,2,1,20210326,rightward,0
1403,s13,2,1,20210330,upward,0
1404,s13,2,1,20210331,upward,0
1405,s13,2,1,20210413,downward,0
1406,s13,2,1,20210414,downward,0
1407,s13,2,1,20210422,upward,0
1408,s13,2,1,20210423,upward,0
1409,s13,2,1,20210427,backward,0
1410,s13,2,1,20210428,backward,0
1411,s13,2,1,20210503,rightward,0
1412,s13,2,1,20210504,leftward,0
1413,s13,2,2,20201120,forward,53
1414,s13,2,2,20201125,forward,142
1415,s13,2,2,20201126,forward,16
1416,s13,2,2,20201211,forward,0
1417,s13,2,2,20210226,backward,0
1418,s13,2,2,20210304,backward,0
1419,s13,2,2,20210311,rightward,0
1420,s13,2,2,20210326,rightward,0
1421,s13,2,2,20210330,upward,0
1422,s13,2,2,20210331,upward,0
1423,s13,2,2,20210413,downward,0
1424,s13,2,2,20210414,downward,0
1425,s13,2,2,20210422,upward,1
1426,s13,2,2,20210423,upward,0
1427,s13,2,2,20210427,backward,0
1428,s13,2,2,20210428,backward,0
1429,s13,2,2,20210503,rightward,1
1430,s13,2,2,20210504,leftward,14
1431,s13,3,1,20201125,forward,142
1432,s13,3,1,20201126,forward,29
1433,s13,3,1,20201210,forward,28
1434,s13,3,1,20201211,forward,88
1435,s13,3,1,20210226,backward,0
1436,s13,3,1,20210304,backward,0
1437,s13,3,1,20210305,rightward,19
1438,s13,3,1,20210311,rightward,0
1439,s13,3,1,20210325,rightward,3
1440,s13,3,1,20210326,rightward,0
1441,s13,3,1,20210330,upward,0
1442,s13,3,1,20210331,upward,0
1443,s13,3,1,20210413,downward,0
1444,s13,3,1,20210414,downward,0
1445,s13,3,1,20210422,upward,0
1446,s13,3,1,20210423,upward,0
1447,s13,3,1,20210427,backward,0
1448,s13,3,1,20210428,backward,0
1449,s13,3,1,20210503,rightward,36
1450,s13,3,1,20210504,leftward,4
1451,s13,3,2,20201120,forward,57
1452,s13,3,2,20201125,forward,126
1453,s13,3,2,20201126,forward,9
1454,s13,3,2,20201211,forward,86
1455,s13,3,2,20210226,backward,0
1456,s13,3,2,20210304,backward,0
1457,s13,3,2,20210311,rightward,0
1458,s13,3,2,20210326,rightward,0
1459,s13,3,2,20210330,upward,0
1460,s13,3,2,20210331,upward,0
1461,s13,3,2,20210413,downward,0
1462,s13,3,2,20210414,downward,0
1463,s13,3,2,20210422,upward,0
1464,s13,3,2,20210423,upward,2
1465,s13,3,2,20210427,backward,0
1466,s13,3,2,20210428,backward,0
1467,s13,3,2,20210503,rightward,23
1468,s13,3,2,20210504,leftward,36
1469,s14,1,1,20201125,forward,0
1470,s14,1,1,20201126,forward,18
1471,s14,1,1,20201210,forward,0
1472,s14,1,1,20201211,forward,119
1473,s14,1,1,20210226,backward,0
1474,s14,1,1,20210304,backward,0
1475,s14,1,1,20210305,rightward,0
1476,s14,1,1,20210311,rightward,19
1477,s14,1,1,20210325,rightward,56
1478,s14,1,1,20210326,rightward,1
1479,s14,1,1,20210330,upward,0
1480,s14,1,1,20210331,upward,0
1481,s14,1,1,20210413,downward,0
1482,s14,1,1,20210414,downward,0
1483,s14,1,1,20210422,upward,0
1484,s14,1,1,20210423,upward,0
1485,s14,1,1,20210427,backward,0
1486,s14,1,1,20210428,backward,0
1487,s14,1,1,20210503,rightward,0
1488,s14,1,1,20210504,leftward,0
1489,s14,1,2,20201120,forward,0
1490,s14,1,2,20201126,forward,0
1491,s14,1,2,20201211,forward,0
1492,s14,1,2,20210226,backward,0
1493,s14,1,2,20210304,backward,0
1494,s14,1,2,20210311,rightward,14
1495,s14,1,2,20210326,rightward,56
1496,s14,1,2,20210330,upward,0
1497,s14,1,2,20210331,upward,0
1498,s14,1,2,20210413,downward,0
1499,s14,1,2,20210414,downward,0
1500,s14,1,2,20210422,upward,77
1501,s14,1,2,20210423,upward,0
1502,s14,1,2,20210427,backward,0
1503,s14,1,2,20210428,backward,0
1504,s14,1,2,20210503,rightward,0
1505,s14,1,2,20210504,leftward,0
1506,s14,2,1,20201125,forward,0
1507,s14,2,1,20201126,forward,13
1508,s14,2,1,20201210,forward,0
1509,s14,2,1,20201211,forward,0
1510,s14,2,1,20210226,backward,4
1511,s14,2,1,20210304,backward,0
1512,s14,2,1,20210305,rightward,0
1513,s14,2,1,20210311,rightward,8
1514,s14,2,1,20210325,rightward,7
1515,s14,2,1,20210326,rightward,56
1516,s14,2,1,20210330,upward,0
1517,s14,2,1,20210331,upward,0
1518,s14,2,1,20210413,downward,0
1519,s14,2,1,20210414,downward,0
1520,s14,2,1,20210422,upward,63
1521,s14,2,1,20210423,upward,3
1522,s14,2,1,20210427,backward,0
1523,s14,2,1,20210428,backward,0
1524,s14,2,1,20210503,rightward,0
1525,s14,2,1,20210504,leftward,0
1526,s14,2,2,20201120,forward,0
1527,s14,2,2,20201125,forward,63
1528,s14,2,2,20201126,forward,0
1529,s14,2,2,20201211,forward,0
1530,s14,2,2,20210226,backward,0
1531,s14,2,2,20210304,backward,0
1532,s14,2,2,20210311,rightward,6
1533,s14,2,2,20210326,rightward,20
1534,s14,2,2,20210330,upward,0
1535,s14,2,2,20210331,upward,0
1536,s14,2,2,20210413,downward,0
1537,s14,2,2,20210414,downward,0
1538,s14,2,2,20210422,upward,33
1539,s14,2,2,20210423,upward,0
1540,s14,2,2,20210427,backward,0
1541,s14,2,2,20210428,backward,0
1542,s14,2,2,20210503,rightward,2
1543,s14,2,2,20210504,leftward,0
1544,s14,3,1,20201125,forward,0
1545,s14,3,1,20201126,forward,40
1546,s14,3,1,20201210,forward,14
1547,s14,3,1,20201211,forward,0
1548,s14,3,1,20210226,backward,0
1549,s14,3,1,20210304,backward,12
1550,s14,3,1,20210305,rightward,0
1551,s14,3,1,20210311,rightward,9
1552,s14,3,1,20210325,rightward,64
1553,s14,3,1,20210326,rightward,41
1554,s14,3,1,20210330,upward,0
1555,s14,3,1,20210331,upward,0
1556,s14,3,1,20210413,downward,0
1557,s14,3,1,20210414,downward,0
1558,s14,3,1,20210422,upward,0
1559,s14,3,1,20210423,upward,0
1560,s14,3,1,20210427,backward,0
1561,s14,3,1,20210428,backward,0
1562,s14,3,1,20210503,rightward,0
1563,s14,3,1,20210504,leftward,0
1564,s14,3,2,20201120,forward,0
1565,s14,3,2,20201125,forward,89
1566,s14,3,2,20201126,forward,0
1567,s14,3,2,20201211,forward,0
1568,s14,3,2,20210226,backward,0
1569,s14,3,2,20210304,backward,0
1570,s14,3,2,20210311,rightward,9
1571,s14,3,2,20210326,rightward,30
1572,s14,3,2,20210330,upward,0
1573,s14,3,2,20210331,upward,0
1574,s14,3,2,20210413,downward,0
1575,s14,3,2,20210414,downward,0
1576,s14,3,2,20210422,upward,0
1577,s14,3,2,20210423,upward,0
1578,s14,3,2,20210427,backward,0
1579,s14,3,2,20210428,backward,0
1580,s14,3,2,20210503,rightward,0
1581,s14,3,2,20210504,leftward,0
1582,s15,1,1,20201125,forward,112
1583,s15,1,1,20201126,forward,26
1584,s15,1,1,20201210,forward,48
1585,s15,1,1,20201211,forward,89
1586,s15,1,1,20210226,backward,0
1587,s15,1,1,20210304,backward,0
1588,s15,1,1,20210305,rightward,52
1589,s15,1,1,20210311,rightward,0
1590,s15,1,1,20210325,rightward,0
1591,s15,1,1,20210326,rightward,0
1592,s15,1,1,20210330,upward,0
1593,s15,1,1,20210331,upward,0
1594,s15,1,1,20210413,downward,0
1595,s15,1,1,20210414,downward,0
1596,s15,1,1,20210422,upward,0
1597,s15,1,1,20210423,upward,1
1598,s15,1,1,20210427,backward,22
1599,s15,1,1,20210428,backward,0
1600,s15,1,1,20210503,rightward,0
1601,s15,1,1,20210504,leftward,1
1602,s15,1,2,20201120,forward,49
1603,s15,1,2,20201126,forward,1
1604,s15,1,2,20201211,forward,10
1605,s15,1,2,20210226,backward,0
1606,s15,1,2,20210304,backward,0
1607,s15,1,2,20210311,rightward,0
1608,s15,1,2,20210326,rightward,0
1609,s15,1,2,20210330,upward,0
1610,s15,1,2,20210331,upward,0
1611,s15,1,2,20210413,downward,0
1612,s15,1,2,20210414,downward,0
1613,s15,1,2,20210422,upward,0
1614,s15,1,2,20210423,upward,0
1615,s15,1,2,20210427,backward,0
1616,s15,1,2,20210428,backward,0
1617,s15,1,2,20210503,rightward,20
1618,s15,1,2,20210504,leftward,0
1619,s15,2,1,20201125,forward,142
1620,s15,2,1,20201126,forward,15
1621,s15,2,1,20201210,forward,38
1622,s15,2,1,20201211,forward,80
1623,s15,2,1,20210226,backward,0
1624,s15,2,1,20210304,backward,0
1625,s15,2,1,20210305,rightward,24
1626,s15,2,1,20210311,rightward,0
1627,s15,2,1,20210325,rightward,0
1628,s15,2,1,20210326,rightward,0
1629,s15,2,1,20210330,upward,0
1630,s15,2,1,20210331,upward,0
1631,s15,2,1,20210413,downward,0
1632,s15,2,1,20210414,downward,0
1633,s15,2,1,20210422,upward,51
1634,s15,2,1,20210423,upward,0
1635,s15,2,1,20210427,backward,0
1636,s15,2,1,20210428,backward,0
1637,s15,2,1,20210503,rightward,5
1638,s15,2,1,20210504,leftward,0
1639,s15,2,2,20201120,forward,66
1640,s15,2,2,20201125,forward,68
1641,s15,2,2,20201126,forward,0
1642,s15,2,2,20201211,forward,32
1643,s15,2,2,20210226,backward,0
1644,s15,2,2,20210304,backward,0
1645,s15,2,2,20210311,rightward,0
1646,s15,2,2,20210326,rightward,0
1647,s15,2,2,20210330,upward,0
1648,s15,2,2,20210331,upward,0
1649,s15,2,2,20210413,downward,0
1650,s15,2,2,20210414,downward,0
1651,s15,2,2,20210422,upward,0
1652,s15,2,2,20210423,upward,0
1653,s15,2,2,20210427,backward,0
1654,s15,2,2,20210428,backward,0
1655,s15,2,2,20210503,rightward,33
1656,s15,2,2,20210504,leftward,33
1657,s15,3,1,20201125,forward,103
1658,s15,3,1,20201126,forward,56
1659,s15,3,1,20201210,forward,16
1660,s15,3,1,20201211,forward,18
1661,s15,3,1,20210226,backward,0
1662,s15,3,1,20210304,backward,0
1663,s15,3,1,20210305,rightward,28
1664,s15,3,1,20210311,rightward,0
1665,s15,3,1,20210325,rightward,0
1666,s15,3,1,20210326,rightward,0
1667,s15,3,1,20210330,upward,0
1668,s15,3,1,20210331,upward,0
1669,s15,3,1,20210413,downward,0
1670,s15,3,1,20210414,downward,0
1671,s15,3,1,20210422,upward,0
1672,s15,3,1,20210423,upward,0
1673,s15,3,1,20210427,backward,0
1674,s15,3,1,20210428,backward,0
1675,s15,3,1,20210503,rightward,0
1676,s15,3,1,20210504,leftward,0
1677,s15,3,2,20201120,forward,52
1678,s15,3,2,20201125,forward,0
1679,s15,3,2,20201126,forward,7
1680,s15,3,2,20201211,forward,26
1681,s15,3,2,20210226,backward,0
1682,s15,3,2,20210304,backward,0
1683,s15,3,2,20210311,rightward,0
1684,s15,3,2,20210326,rightward,0
1685,s15,3,2,20210330,upward,0
1686,s15,3,2,20210331,upward,0
1687,s15,3,2,20210413,downward,0
1688,s15,3,2,20210414,downward,0
1689,s15,3,2,20210422,upward,9
1690,s15,3,2,20210423,upward,0
1691,s15,3,2,20210427,backward,0
1692,s15,3,2,20210428,backward,0
1693,s15,3,2,20210503,rightward,6
1694,s15,3,2,20210504,leftward,17
1695,s16,1,1,20201125,forward,41
1696,s16,1,1,20201126,forward,34
1697,s16,1,1,20201210,forward,43
1698,s16,1,1,20201211,forward,106
1699,s16,1,1,20210226,backward,0
1700,s16,1,1,20210304,backward,0
1701,s16,1,1,20210305,rightward,0
1702,s16,1,1,20210311,rightward,0
1703,s16,1,1,20210325,rightward,0
1704,s16,1,1,20210326,rightward,5
1705,s16,1,1,20210330,upward,0
1706,s16,1,1,20210331,upward,0
1707,s16,1,1,20210413,downward,6
1708,s16,1,1,20210414,downward,0
1709,s16,1,1,20210422,upward,0
1710,s16,1,1,20210423,upward,0
1711,s16,1,1,20210427,backward,0
1712,s16,1,1,20210428,backward,0
1713,s16,1,1,20210503,rightward,12
1714,s16,1,1,20210504,leftward,0
1715,s16,1,2,20201120,forward,63
1716,s16,1,2,20201126,forward,51
1717,s16,1,2,20201211,forward,0
1718,s16,1,2,20210226,backward,0
1719,s16,1,2,20210304,backward,0
1720,s16,1,2,20210311,rightward,0
1721,s16,1,2,20210326,rightward,0
1722,s16,1,2,20210330,upward,0
1723,s16,1,2,20210331,upward,0
1724,s16,1,2,20210413,downward,0
1725,s16,1,2,20210414,downward,0
1726,s16,1,2,20210422,upward,0
1727,s16,1,2,20210423,upward,0
1728,s16,1,2,20210427,backward,0
1729,s16,1,2,20210428,backward,0
1730,s16,1,2,20210503,rightward,0
1731,s16,1,2,20210504,leftward,0
1732,s16,2,1,20201125,forward,69
1733,s16,2,1,20201126,forward,51
1734,s16,2,1,20201210,forward,98
1735,s16,2,1,20201211,forward,97
1736,s16,2,1,20210226,backward,0
1737,s16,2,1,20210304,backward,7
1738,s16,2,1,20210305,rightward,18
1739,s16,2,1,20210311,rightward,0
1740,s16,2,1,20210325,rightward,0
1741,s16,2,1,20210326,rightward,9
1742,s16,2,1,20210330,upward,0
1743,s16,2,1,20210331,upward,0
1744,s16,2,1,20210413,downward,0
1745,s16,2,1,20210414,downward,0
1746,s16,2,1,20210422,upward,0
1747,s16,2,1,20210423,upward,0
1748,s16,2,1,20210427,backward,0
1749,s16,2,1,20210428,backward,0
1750,s16,2,1,20210503,rightward,0
1751,s16,2,1,20210504,leftward,0
1752,s16,2,2,20201120,forward,52
1753,s16,2,2,20201125,forward,187
1754,s16,2,2,20201126,forward,13
1755,s16,2,2,20201211,forward,38
1756,s16,2,2,20210226,backward,7
1757,s16,2,2,20210304,backward,12
1758,s16,2,2,20210311,rightward,0
1759,s16,2,2,20210326,rightward,0
1760,s16,2,2,20210330,upward,1
1761,s16,2,2,20210331,upward,0
1762,s16,2,2,20210413,downward,0
1763,s16,2,2,20210414,downward,0
1764,s16,2,2,20210422,upward,0
1765,s16,2,2,20210423,upward,0
1766,s16,2,2,20210427,backward,0
1767,s16,2,2,20210428,backward,0
1768,s16,2,2,20210503,rightward,0
1769,s16,2,2,20210504,leftward,1
1770,s16,3,1,20201125,forward,138
1771,s16,3,1,20201126,forward,34
1772,s16,3,1,20201210,forward,39
1773,s16,3,1,20201211,forward,77
1774,s16,3,1,20210226,backward,10
1775,s16,3,1,20210304,backward,0
1776,s16,3,1,20210305,rightward,19
1777,s16,3,1,20210311,rightward,0
1778,s16,3,1,20210325,rightward,3
1779,s16,3,1,20210326,rightward,11
1780,s16,3,1,20210330,upward,2
1781,s16,3,1,20210331,upward,0
1782,s16,3,1,20210413,downward,1
1783,s16,3,1,20210414,downward,1
1784,s16,3,1,20210422,upward,0
1785,s16,3,1,20210423,upward,0
1786,s16,3,1,20210427,backward,0
1787,s16,3,1,20210428,backward,0
1788,s16,3,1,20210503,rightward,25
1789,s16,3,1,20210504,leftward,0
1790,s16,3,2,20201120,forward,46
1791,s16,3,2,20201125,forward,58
1792,s16,3,2,20201126,forward,0
1793,s16,3,2,20201211,forward,0
1794,s16,3,2,20210226,backward,0
1795,s16,3,2,20210304,backward,0
1796,s16,3,2,20210311,rightward,0
1797,s16,3,2,20210326,rightward,0
1798,s16,3,2,20210330,upward,2
1799,s16,3,2,20210331,upward,0
1800,s16,3,2,20210413,downward,0
1801,s16,3,2,20210414,downward,0
1802,s16,3,2,20210422,upward,0
1803,s16,3,2,20210423,upward,0
1804,s16,3,2,20210427,backward,0
1805,s16,3,2,20210428,backward,0
1806,s16,3,2,20210503,rightward,0
1807,s16,3,2,20210504,leftward,26
1808,s17,1,1,20201125,forward,0
1809,s17,1,1,20201126,forward,11
1810,s17,1,1,20201210,forward,0
1811,s17,1,1,20201211,forward,70
1812,s17,1,1,20210226,backward,0
1813,s17,1,1,20210304,backward,0
1814,s17,1,1,20210305,rightward,0
1815,s17,1,1,20210311,rightward,0
1816,s17,1,1,20210325,rightward,43
1817,s17,1,1,20210326,rightward,47
1818,s17,1,1,20210330,upward,0
1819,s17,1,1,20210331,upward,0
1820,s17,1,1,20210413,downward,0
1821,s17,1,1,20210414,downward,0
1822,s17,1,1,20210422,upward,0
1823,s17,1,1,20210423,upward,0
1824,s17,1,1,20210427,backward,0
1825,s17,1,1,20210428,backward,0
1826,s17,1,1,20210503,rightward,2
1827,s17,1,1,20210504,leftward,7
1828,s17,1,2,20201120,forward,20
1829,s17,1,2,20201126,forward,0
1830,s17,1,2,20201211,forward,0
1831,s17,1,2,20210226,backward,0
1832,s17,1,2,20210304,backward,0
1833,s17,1,2,20210311,rightward,0
1834,s17,1,2,20210326,rightward,0
1835,s17,1,2,20210330,upward,0
1836,s17,1,2,20210331,upward,0
1837,s17,1,2,20210413,downward,0
1838,s17,1,2,20210414,downward,0
1839,s17,1,2,20210422,upward,0
1840,s17,1,2,20210423,upward,0
1841,s17,1,2,20210427,backward,0
1842,s17,1,2,20210428,backward,0
1843,s17,1,2,20210503,rightward,0
1844,s17,1,2,20210504,leftward,0
1845,s17,2,1,20201125,forward,0
1846,s17,2,1,20201126,forward,0
1847,s17,2,1,20201210,forward,0
1848,s17,2,1,20201211,forward,62
1849,s17,2,1,20210226,backward,1
1850,s17,2,1,20210304,backward,0
1851,s17,2,1,20210305,rightward,0
1852,s17,2,1,20210311,rightward,6
1853,s17,2,1,20210325,rightward,17
1854,s17,2,1,20210326,rightward,40
1855,s17,2,1,20210330,upward,0
1856,s17,2,1,20210331,upward,0
1857,s17,2,1,20210413,downward,0
1858,s17,2,1,20210414,downward,0
1859,s17,2,1,20210422,upward,24
1860,s17,2,1,20210423,upward,0
1861,s17,2,1,20210427,backward,0
1862,s17,2,1,20210428,backward,5
1863,s17,2,1,20210503,rightward,0
1864,s17,2,1,20210504,leftward,0
1865,s17,2,2,20201120,forward,0
1866,s17,2,2,20201125,forward,0
1867,s17,2,2,20201126,forward,6
1868,s17,2,2,20201211,forward,0
1869,s17,2,2,20210226,backward,0
1870,s17,2,2,20210304,backward,0
1871,s17,2,2,20210311,rightward,0
1872,s17,2,2,20210326,rightward,20
1873,s17,2,2,20210330,upward,0
1874,s17,2,2,20210331,upward,0
1875,s17,2,2,20210413,downward,0
1876,s17,2,2,20210414,downward,0
1877,s17,2,2,20210422,upward,0
1878,s17,2,2,20210423,upward,0
1879,s17,2,2,20210427,backward,0
1880,s17,2,2,20210428,backward,0
1881,s17,2,2,20210503,rightward,0
1882,s17,2,2,20210504,leftward,0
1883,s17,3,1,20201125,forward,0
1884,s17,3,1,20201126,forward,66
1885,s17,3,1,20201210,forward,0
1886,s17,3,1,20201211,forward,65
1887,s17,3,1,20210226,backward,0
1888,s17,3,1,20210304,backward,12
1889,s17,3,1,20210305,rightward,0
1890,s17,3,1,20210311,rightward,0
1891,s17,3,1,20210325,rightward,67
1892,s17,3,1,20210326,rightward,27
1893,s17,3,1,20210330,upward,0
1894,s17,3,1,20210331,upward,0
1895,s17,3,1,20210413,downward,0
1896,s17,3,1,20210414,downward,0
1897,s17,3,1,20210422,upward,0
1898,s17,3,1,20210423,upward,0
1899,s17,3,1,20210427,backward,0
1900,s17,3,1,20210428,backward,0
1901,s17,3,1,20210503,rightward,0
1902,s17,3,1,20210504,leftward,0
1903,s17,3,2,20201120,forward,48
1904,s17,3,2,20201125,forward,0
1905,s17,3,2,20201126,forward,0
1906,s17,3,2,20201211,forward,0
1907,s17,3,2,20210226,backward,0
1908,s17,3,2,20210304,backward,0
1909,s17,3,2,20210311,rightward,0
1910,s17,3,2,20210326,rightward,26
1911,s17,3,2,20210330,upward,0
1912,s17,3,2,20210331,upward,0
1913,s17,3,2,20210413,downward,0
1914,s17,3,2,20210414,downward,0
1915,s17,3,2,20210422,upward,0
1916,s17,3,2,20210423,upward,0
1917,s17,3,2,20210427,backward,6
1918,s17,3,2,20210428,backward,0
1919,s17,3,2,20210503,rightward,0
1920,s17,3,2,20210504,leftward,0
1921,s18,1,1,20201125,forward,0
1922,s18,1,1,20201126,forward,29
1923,s18,1,1,20201210,forward,0
1924,s18,1,1,20201211,forward,73
1925,s18,1,1,20210226,backward,0
1926,s18,1,1,20210304,backward,0
1927,s18,1,1,20210305,rightward,13
1928,s18,1,1,20210311,rightward,0
1929,s18,1,1,20210325,rightward,0
1930,s18,1,1,20210326,rightward,0
1931,s18,1,1,20210330,upward,0
1932,s18,1,1,20210331,upward,0
1933,s18,1,1,20210413,downward,0
1934,s18,1,1,20210414,downward,0
1935,s18,1,1,20210422,upward,0
1936,s18,1,1,20210423,upward,0
1937,s18,1,1,20210427,backward,0
1938,s18,1,1,20210428,backward,0
1939,s18,1,1,20210503,rightward,1
1940,s18,1,1,20210504,leftward,7
1941,s18,1,2,20201120,forward,0
1942,s18,1,2,20201126,forward,5
1943,s18,1,2,20201211,forward,0
1944,s18,1,2,20210226,backward,0
1945,s18,1,2,20210304,backward,0
1946,s18,1,2,20210311,rightward,0
1947,s18,1,2,20210326,rightward,0
1948,s18,1,2,20210330,upward,0
1949,s18,1,2,20210331,upward,0
1950,s18,1,2,20210413,downward,0
1951,s18,1,2,20210414,downward,0
1952,s18,1,2,20210422,upward,0
1953,s18,1,2,20210423,upward,0
1954,s18,1,2,20210427,backward,0
1955,s18,1,2,20210428,backward,0
1956,s18,1,2,20210503,rightward,11
1957,s18,1,2,20210504,leftward,0
1958,s18,2,1,20201125,forward,0
1959,s18,2,1,20201126,forward,17
1960,s18,2,1,20201210,forward,0
1961,s18,2,1,20201211,forward,0
1962,s18,2,1,20210226,backward,0
1963,s18,2,1,20210304,backward,1
1964,s18,2,1,20210305,rightward,6
1965,s18,2,1,20210311,rightward,0
1966,s18,2,1,20210325,rightward,0
1967,s18,2,1,20210326,rightward,0
1968,s18,2,1,20210330,upward,0
1969,s18,2,1,20210331,upward,0
1970,s18,2,1,20210413,downward,0
1971,s18,2,1,20210414,downward,0
1972,s18,2,1,20210422,upward,10
1973,s18,2,1,20210423,upward,0
1974,s18,2,1,20210427,backward,0
1975,s18,2,1,20210428,backward,0
1976,s18,2,1,20210503,rightward,0
1977,s18,2,1,20210504,leftward,9
1978,s18,2,2,20201120,forward,0
1979,s18,2,2,20201125,forward,155
1980,s18,2,2,20201126,forward,14
1981,s18,2,2,20201211,forward,30
1982,s18,2,2,20210226,backward,0
1983,s18,2,2,20210304,backward,0
1984,s18,2,2,20210311,rightward,0
1985,s18,2,2,20210326,rightward,0
1986,s18,2,2,20210330,upward,0
1987,s18,2,2,20210331,upward,0
1988,s18,2,2,20210413,downward,0
1989,s18,2,2,20210414,downward,0
1990,s18,2,2,20210422,upward,5
1991,s18,2,2,20210423,upward,0
1992,s18,2,2,20210427,backward,0
1993,s18,2,2,20210428,backward,0
1994,s18,2,2,20210503,rightward,22
1995,s18,2,2,20210504,leftward,0
1996,s18,3,1,20201125,forward,0
1997,s18,3,1,20201126,forward,36
1998,s18,3,1,20201210,forward,17
1999,s18,3,1,20201211,forward,0
2000,s18,3,1,20210226,backward,0
2001,s18,3,1,20210304,backward,0
2002,s18,3,1,20210305,rightward,9
2003,s18,3,1,20210311,rightward,0
2004,s18,3,1,20210325,rightward,0
2005,s18,3,1,20210326,rightward,0
2006,s18,3,1,20210330,upward,0
2007,s18,3,1,20210331,upward,0
2008,s18,3,1,20210413,downward,0
2009,s18,3,1,20210414,downward,0
2010,s18,3,1,20210422,upward,0
2011,s18,3,1,20210423,upward,0
2012,s18,3,1,20210427,backward,0
2013,s18,3,1,20210428,backward,0
2014,s18,3,1,20210503,rightward,31
2015,s18,3,1,20210504,leftward,0
2016,s18,3,2,20201120,forward,32
2017,s18,3,2,20201125,forward,225
2018,s18,3,2,20201126,forward,0
2019,s18,3,2,20201211,forward,4
2020,s18,3,2,20210226,backward,0
2021,s18,3,2,20210304,backward,5
2022,s18,3,2,20210311,rightward,0
2023,s18,3,2,20210326,rightward,0
2024,s18,3,2,20210330,upward,0
2025,s18,3,2,20210331,upward,0
2026,s18,3,2,20210413,downward,0
2027,s18,3,2,20210414,downward,0
2028,s18,3,2,20210422,upward,0
2029,s18,3,2,20210423,upward,0
2030,s18,3,2,20210427,backward,0
2031,s18,3,2,20210428,backward,0
2032,s18,3,2,20210503,rightward,20
2033,s18,3,2,20210504,leftward,0
2034,s19,1,1,20201125,forward,147
2035,s19,1,1,20201126,forward,19
2036,s19,1,1,20201210,forward,0
2037,s19,1,1,20201211,forward,68
2038,s19,1,1,20210226,backward,1
2039,s19,1,1,20210304,backward,0
2040,s19,1,1,20210305,rightward,0
2041,s19,1,1,20210311,rightward,0
2042,s19,1,1,20210325,rightward,0
2043,s19,1,1,20210326,rightward,0
2044,s19,1,1,20210330,upward,0
2045,s19,1,1,20210331,upward,0
2046,s19,1,1,20210413,downward,0
2047,s19,1,1,20210414,downward,0
2048,s19,1,1,20210422,upward,0
2049,s19,1,1,20210423,upward,0
2050,s19,1,1,20210427,backward,0
2051,s19,1,1,20210428,backward,6
2052,s19,1,1,20210503,rightward,0
2053,s19,1,1,20210504,leftward,14
2054,s19,1,2,20201120,forward,51
2055,s19,1,2,20201126,forward,8
2056,s19,1,2,20201211,forward,26
2057,s19,1,2,20210226,backward,0
2058,s19,1,2,20210304,backward,0
2059,s19,1,2,20210311,rightward,0
2060,s19,1,2,20210326,rightward,0
2061,s19,1,2,20210330,upward,0
2062,s19,1,2,20210331,upward,0
2063,s19,1,2,20210413,downward,0
2064,s19,1,2,20210414,downward,0
2065,s19,1,2,20210422,upward,0
2066,s19,1,2,20210423,upward,0
2067,s19,1,2,20210427,backward,0
2068,s19,1,2,20210428,backward,0
2069,s19,1,2,20210503,rightward,0
2070,s19,1,2,20210504,leftward,4
2071,s19,2,1,20201125,forward,125
2072,s19,2,1,20201126,forward,16
2073,s19,2,1,20201210,forward,0
2074,s19,2,1,20201211,forward,65
2075,s19,2,1,20210226,backward,0
2076,s19,2,1,20210304,backward,0
2077,s19,2,1,20210305,rightward,0
2078,s19,2,1,20210311,rightward,0
2079,s19,2,1,20210325,rightward,14
2080,s19,2,1,20210326,rightward,0
2081,s19,2,1,20210330,upward,0
2082,s19,2,1,20210331,upward,0
2083,s19,2,1,20210413,downward,0
2084,s19,2,1,20210414,downward,0
2085,s19,2,1,20210422,upward,12
2086,s19,2,1,20210423,upward,0
2087,s19,2,1,20210427,backward,10
2088,s19,2,1,20210428,backward,7
2089,s19,2,1,20210503,rightward,0
2090,s19,2,1,20210504,leftward,0
2091,s19,2,2,20201120,forward,50
2092,s19,2,2,20201125,forward,102
2093,s19,2,2,20201126,forward,6
2094,s19,2,2,20201211,forward,70
2095,s19,2,2,20210226,backward,0
2096,s19,2,2,20210304,backward,0
2097,s19,2,2,20210311,rightward,0
2098,s19,2,2,20210326,rightward,0
2099,s19,2,2,20210330,upward,0
2100,s19,2,2,20210331,upward,0
2101,s19,2,2,20210413,downward,0
2102,s19,2,2,20210414,downward,0
2103,s19,2,2,20210422,upward,0
2104,s19,2,2,20210423,upward,0
2105,s19,2,2,20210427,backward,0
2106,s19,2,2,20210428,backward,0
2107,s19,2,2,20210503,rightward,0
2108,s19,2,2,20210504,leftward,4
2109,s19,3,1,20201125,forward,198
2110,s19,3,1,20201126,forward,63
2111,s19,3,1,20201210,forward,42
2112,s19,3,1,20201211,forward,106
2113,s19,3,1,20210226,backward,0
2114,s19,3,1,20210304,backward,0
2115,s19,3,1,20210305,rightward,1
2116,s19,3,1,20210311,rightward,0
2117,s19,3,1,20210325,rightward,14
2118,s19,3,1,20210326,rightward,5
2119,s19,3,1,20210330,upward,0
2120,s19,3,1,20210331,upward,0
2121,s19,3,1,20210413,downward,0
2122,s19,3,1,20210414,downward,0
2123,s19,3,1,20210422,upward,7
2124,s19,3,1,20210423,upward,0
2125,s19,3,1,20210427,backward,0
2126,s19,3,1,20210428,backward,0
2127,s19,3,1,20210503,rightward,0
2128,s19,3,1,20210504,leftward,0
2129,s19,3,2,20201120,forward,70
2130,s19,3,2,20201125,forward,76
2131,s19,3,2,20201126,forward,2
2132,s19,3,2,20201211,forward,19
2133,s19,3,2,20210226,backward,0
2134,s19,3,2,20210304,backward,0
2135,s19,3,2,20210311,rightward,0
2136,s19,3,2,20210326,rightward,0
2137,s19,3,2,20210330,upward,6
2138,s19,3,2,20210331,upward,0
2139,s19,3,2,20210413,downward,0
2140,s19,3,2,20210414,downward,0
2141,s19,3,2,20210422,upward,0
2142,s19,3,2,20210423,upward,0
2143,s19,3,2,20210427,backward,0
2144,s19,3,2,20210428,backward,0
2145,s19,3,2,20210503,rightward,0
2146,s19,3,2,20210504,leftward,2
2147,s20,1,1,20210305,rightward,1
2148,s20,1,1,20210311,rightward,0
2149,s20,1,1,20210325,rightward,0
2150,s20,1,1,20210326,rightward,3
2151,s20,1,1,20210330,upward,44
2152,s20,1,1,20210331,upward,53
2153,s20,1,1,20210413,downward,144
2154,s20,1,1,20210414,downward,116
2155,s20,1,1,20210422,upward,74
2156,s20,1,1,20210423,upward,28
2157,s20,1,1,20210503,rightward,0
2158,s20,1,1,20210504,leftward,0
2159,s20,1,2,20210311,rightward,0
2160,s20,1,2,20210326,rightward,0
2161,s20,1,2,20210330,upward,63
2162,s20,1,2,20210331,upward,39
2163,s20,1,2,20210413,downward,55
2164,s20,1,2,20210414,downward,87
2165,s20,1,2,20210422,upward,111
2166,s20,1,2,20210423,upward,82
2167,s20,1,2,20210503,rightward,0
2168,s20,1,2,20210504,leftward,0
2169,s20,2,1,20210305,rightward,10
2170,s20,2,1,20210311,rightward,0
2171,s20,2,1,20210325,rightward,0
2172,s20,2,1,20210326,rightward,37
2173,s20,2,1,20210503,rightward,0
2174,s20,2,1,20210504,leftward,0
2175,s20,2,2,20210311,rightward,0
2176,s20,2,2,20210326,rightward,0
2177,s20,2,2,20210422,upward,111
2178,s20,2,2,20210503,rightward,0
2179,s20,2,2,20210504,leftward,15
2180,s20,3,1,20210305,rightward,0
2181,s20,3,1,20210311,rightward,0
2182,s20,3,1,20210325,rightward,22
2183,s20,3,1,20210326,rightward,50
2184,s20,3,1,20210503,rightward,38
2185,s20,3,1,20210504,leftward,0
2186,s20,3,2,20210311,rightward,0
2187,s20,3,2,20210326,rightward,17
2188,s20,3,2,20210503,rightward,0
2189,s20,3,2,20210504,leftward,63
2190,s21,1,1,20210305,rightward,0
2191,s21,1,1,20210311,rightward,0
2192,s21,1,1,20210325,rightward,0
2193,s21,1,1,20210326,rightward,0
2194,s21,1,1,20210503,rightward,3
2195,s21,1,1,20210504,leftward,0
2196,s21,1,2,20210311,rightward,0
2197,s21,1,2,20210326,rightward,0
2198,s21,1,2,20210503,rightward,3
2199,s21,1,2,20210504,leftward,0
2200,s21,2,1,20210305,rightward,9
2201,s21,2,1,20210311,rightward,29
2202,s21,2,1,20210325,rightward,0
2203,s21,2,1,20210326,rightward,1
2204,s21,2,1,20210503,rightward,0
2205,s21,2,1,20210504,leftward,0
2206,s21,2,2,20210311,rightward,0
2207,s21,2,2,20210326,rightward,0
2208,s21,2,2,20210503,rightward,13
2209,s21,2,2,20210504,leftward,0
2210,s21,3,1,20210305,rightward,0
2211,s21,3,1,20210311,rightward,0
2212,s21,3,1,20210325,rightward,0
2213,s21,3,1,20210326,rightward,0
2214,s21,3,1,20210503,rightward,5
2215,s21,3,1,20210504,leftward,15
2216,s21,3,2,20210311,rightward,0
2217,s21,3,2,20210326,rightward,0
2218,s21,3,2,20210503,rightward,0
2219,s21,3,2,20210504,leftward,49
2220,s22,1,1,20210305,rightward,6
2221,s22,1,1,20210311,rightward,0
2222,s22,1,1,20210325,rightward,0
2223,s22,1,1,20210326,rightward,0
2224,s22,1,1,20210503,rightward,0
2225,s22,1,1,20210504,leftward,0
2226,s22,1,2,20210311,rightward,0
2227,s22,1,2,20210326,rightward,0
2228,s22,1,2,20210503,rightward,0
2229,s22,1,2,20210504,leftward,21
2230,s22,2,1,20210305,rightward,15
2231,s22,2,1,20210311,rightward,0
2232,s22,2,1,20210325,rightward,0
2233,s22,2,1,20210326,rightward,0
2234,s22,2,1,20210503,rightward,0
2235,s22,2,1,20210504,leftward,0
2236,s22,2,2,20210311,rightward,0
2237,s22,2,2,20210326,rightward,0
2238,s22,2,2,20210503,rightward,0
2239,s22,2,2,20210504,leftward,0
2240,s22,3,1,20210305,rightward,0
2241,s22,3,1,20210311,rightward,0
2242,s22,3,1,20210325,rightward,0
2243,s22,3,1,20210326,rightward,0
2244,s22,3,1,20210503,rightward,0
2245,s22,3,1,20210504,leftward,0
2246,s22,3,2,20210311,rightward,0
2247,s22,3,2,20210326,rightward,0
2248,s22,3,2,20210503,rightward,0
2249,s22,3,2,20210504,leftward,0
2250,s23,1,1,20210305,rightward,2
2251,s23,1,1,20210311,rightward,15
2252,s23,1,1,20210325,rightward,32
2253,s23,1,1,20210326,rightward,39
2254,s23,1,1,20210503,rightward,4
2255,s23,1,1,20210504,leftward,9
2256,s23,1,2,20210311,rightward,20
2257,s23,1,2,20210326,rightward,115
2258,s23,1,2,20210503,rightward,12
2259,s23,1,2,20210504,leftward,10
2260,s23,2,1,20210305,rightward,0
2261,s23,2,1,20210311,rightward,36
2262,s23,2,1,20210325,rightward,43
2263,s23,2,1,20210326,rightward,53
2264,s23,2,1,20210503,rightward,0
2265,s23,2,1,20210504,leftward,0
2266,s23,2,2,20210311,rightward,33
2267,s23,2,2,20210326,rightward,58
2268,s23,2,2,20210503,rightward,5
2269,s23,2,2,20210504,leftward,22
2270,s23,3,1,20210305,rightward,0
2271,s23,3,1,20210311,rightward,16
2272,s23,3,1,20210325,rightward,49
2273,s23,3,1,20210326,rightward,45
2274,s23,3,1,20210503,rightward,0
2275,s23,3,1,20210504,leftward,0
2276,s23,3,2,20210311,rightward,26
2277,s23,3,2,20210326,rightward,19
2278,s23,3,2,20210503,rightward,0
2279,s23,3,2,20210504,leftward,4
